kaBP,depth,accrate,Erica,Allophylus,Acacia,Combretum,Commiphora,Cussonia,Dobera,Lannea,Macaranga,Olea,Jasminum,Podocarpus,Phoenix,Rhus,Securinega,Teclea,Zanthoxylum,Melastomataceae,Cassia,Capparidaceae,Maytenus,Acalypha,Euphorbia,Euphorbiacea,Phyllantus,Tamarindus,Buxus,Psydrax,Celastraceae,Celtis,Alchornea,Dodonaea,Ekebergia,Ephedra,Ficus,Ilex,Clematis,Euclea,Hagenia,Juniperus,Myrica,Myrsine,Rapanea,Rosa,Schefflera,Hypoestes,Hypericum,Anthospermum,Alchemilla,Aloe,Chenopodiaceae,Artemisia,Cichoroideae,Aster,Asteroideae,Carduus,Cerastium,Cerealia,Plantago,Planceolata,Poaceae,Asteraceae,Vernonia,Rumex,Polygonum,Solanum,Tribulus,Apiaceae,Urticaceae,Ziziphus,Brucea,Ricinus,Sapotaceae,Iridaceae,Asphodellus,Anthyllis,Leguminosae,Galium,Rubiaceae,Brassicaceae,Acanthus,Blepharis,Justicia,Caryophylaceae,Chorcorus,Saussurea,Swertia,Senecio,Heliotropium,Kohautia,Indigofera,Lamiaceae,Ranunculus,Thalictrum,Callytriche,Monoletes,Triletes,Cyperaceae,Typha,Botryococcus,Undetermined,Lycopodium,Lyc.conc,volume
-0.066,0,0.25,21,0,0,2,4,0,0,0,0,0,3,20,0,0,0,0,1,2,1,0,0,0,1,2,0,0,0,0,0,0,0,7,0,0,0,0,1,1,40,137,4,0,0,0,0,0,0,7,7,1,32,3,1,1,16,8,0,21,127,22,18,0,0,11,5,0,2,4,0,0,1,1,0,5,9,0,4,0,0,2,0,0,2,2,0,1,0,0,0,1,1,3,1,0,0,4,0,12,0,619,5,320,31272,2.78
-0.062,1,0.2,28,0,0,3,0,0,0,0,0,4,5,63,0,0,2,2,0,0,1,1,2,1,0,2,2,1,0,0,2,1,2,4,2,0,0,0,0,1,38,138,2,1,1,1,2,1,0,5,6,0,11,1,1,4,21,12,0,10,156,16,22,0,0,12,12,1,0,9,8,0,0,1,0,0,0,0,1,0,2,5,1,2,0,2,1,1,0,5,4,1,3,3,3,4,4,4,1,9,0,352,5,210,31272,1.91
-0.057,2,0.25,32,0,0,2,4,0,0,0,0,2,3,33,0,1,1,0,2,0,1,1,2,0,2,1,1,0,2,1,1,0,2,9,2,1,0,0,0,0,36,136,2,2,0,2,0,1,3,10,11,2,19,3,3,5,11,25,0,20,224,12,15,2,1,12,13,1,4,8,6,0,0,1,0,2,0,3,2,2,2,3,0,0,0,0,1,0,0,2,2,0,4,0,4,1,0,0,1,9,1,403,2,311,31272,2.04
-0.053,3,0.25,14,0,0,0,4,0,0,0,0,1,0,51,0,0,0,0,2,2,0,0,0,2,1,1,1,1,2,1,0,0,2,8,0,0,0,0,0,1,33,149,2,1,2,1,2,1,0,6,6,2,11,4,0,4,7,11,0,17,223,15,17,4,1,8,12,1,2,9,8,0,0,2,0,5,0,5,3,2,2,4,2,1,2,4,0,1,1,1,4,5,0,2,0,0,4,4,1,12,0,10,0,277,31272,2.26
-0.049,4,0.25,58,0,0,5,1,0,0,0,0,3,2,27,0,1,0,2,2,2,1,2,1,1,2,2,2,2,2,0,2,1,1,5,2,1,0,0,0,0,41,152,2,0,1,1,1,1,0,3,10,1,17,2,3,5,27,28,0,10,168,22,16,5,1,9,10,0,4,2,12,0,0,2,0,3,0,5,5,0,0,0,1,0,0,5,1,0,0,3,5,0,3,3,1,2,1,2,0,18,1,515,0,267,31272,1.79
-0.045,5,0.25,45,0,0,0,4,0,0,0,0,3,1,65,0,0,1,2,1,1,2,2,1,0,2,0,2,2,1,1,0,2,2,9,0,0,0,0,0,1,43,146,2,0,0,2,2,1,4,7,11,0,9,4,0,4,8,13,0,10,121,20,18,0,1,11,11,0,3,9,1,0,0,0,0,1,0,4,4,1,1,3,0,2,0,2,1,0,0,0,1,4,2,1,5,0,2,4,1,14,1,384,4,269,31272,2.29
-0.041,6,0.2,78,0,0,2,1,0,0,0,0,2,4,58,0,0,0,0,2,1,1,2,1,0,0,1,0,2,0,1,1,1,2,7,0,1,0,0,0,0,34,164,0,2,2,0,1,2,2,5,2,0,20,5,2,4,9,11,0,16,228,22,17,5,0,11,10,1,0,8,13,0,0,1,0,1,0,3,3,1,0,5,1,2,0,5,0,0,1,4,5,5,5,4,4,2,3,2,0,11,0,15,5,229,31272,1.62
-0.036,7,0.25,24,0,0,3,1,0,0,0,0,12,5,49,0,1,0,1,0,0,0,1,2,0,2,0,2,2,2,2,2,0,2,11,0,1,0,0,0,1,39,164,0,1,2,1,2,0,2,5,7,1,11,1,1,2,15,25,0,30,125,18,17,2,1,8,13,2,0,8,8,0,0,0,0,3,0,4,0,0,0,4,2,0,1,2,0,1,0,2,3,4,3,4,11,4,2,5,1,5,1,510,1,250,31272,1.64
-0.032,8,0.25,48,0,0,0,3,0,0,0,0,5,2,59,0,1,1,1,1,2,0,1,1,2,0,0,1,0,1,1,0,0,1,10,2,0,0,0,0,1,22,156,5,2,0,0,1,1,2,7,6,0,10,2,0,5,28,20,0,25,196,19,22,1,0,10,10,2,3,0,4,0,0,1,0,4,0,2,2,0,0,2,0,1,0,4,1,1,1,1,5,2,4,2,12,5,4,0,1,12,0,380,5,195,31272,1.73
-0.028,9,0.25,45,0,0,2,4,0,0,0,0,22,4,38,0,0,1,1,1,1,1,0,2,1,1,2,2,0,1,2,0,0,0,5,2,0,0,0,0,1,24,134,3,1,0,0,1,1,4,6,5,2,11,3,3,1,11,15,0,10,195,23,20,5,1,10,9,1,2,3,14,0,0,2,0,4,0,5,3,1,0,2,1,2,1,0,0,0,0,0,2,3,0,1,12,3,4,2,0,10,1,125,1,209,31272,2.38
-0.024,10,0.25,21,0,0,5,0,0,0,0,0,34,2,50,0,2,0,0,2,2,0,0,2,2,0,1,0,1,0,1,1,1,2,10,2,1,0,0,0,0,34,131,0,0,0,1,2,2,0,6,11,2,16,1,2,2,20,20,0,19,192,13,16,1,0,8,13,2,3,7,4,0,0,2,0,0,0,5,5,2,0,1,0,1,1,3,1,1,0,5,4,1,0,4,1,3,1,4,0,13,0,470,1,330,31272,1.55
-0.02,11,0.25,9,0,0,5,0,0,2,5,4,47,5,50,0,2,0,1,1,1,0,2,0,2,1,1,2,0,1,1,1,1,0,9,0,1,0,0,0,0,23,163,2,2,0,1,2,2,4,4,4,0,18,5,5,0,7,9,0,30,231,19,19,8,0,10,14,2,0,8,12,0,0,0,0,1,0,5,3,1,2,1,1,1,1,4,0,1,0,5,1,2,5,1,9,1,5,5,1,18,0,371,2,184,31272,0.62
-0.016,12,0.2,11,0,0,5,1,0,0,0,0,21,0,38,0,1,1,0,0,1,2,2,1,0,0,1,2,0,1,0,2,1,1,5,0,1,0,0,0,0,32,154,5,0,0,2,1,0,2,9,3,1,15,0,0,5,22,9,0,25,201,12,19,3,0,8,15,2,4,6,1,0,0,1,0,2,0,5,3,0,0,3,2,1,0,5,0,0,1,4,5,1,0,0,1,3,5,3,3,17,1,427,4,194,31272,0.98
-0.011,13,0.25,8,0,0,0,2,2,1,1,1,18,1,29,0,0,1,1,0,1,1,2,1,0,1,0,1,0,0,0,0,0,1,8,1,1,0,0,0,1,41,154,0,1,1,2,0,0,2,5,10,1,10,5,1,0,22,27,0,30,196,23,22,5,1,10,14,0,1,2,6,0,0,1,0,2,0,0,1,1,1,0,0,0,0,3,0,1,0,2,3,5,1,4,3,3,2,3,3,8,0,103,0,262,31272,1.77
-0.007,14,0.25,8,0,0,3,2,5,3,2,0,11,0,30,0,0,1,1,1,2,2,0,1,0,2,2,1,0,2,0,2,1,0,11,0,1,0,0,0,0,43,160,4,1,0,2,1,0,0,9,7,1,12,0,0,1,9,16,0,28,161,14,16,1,1,15,14,2,4,9,12,0,1,2,0,1,0,1,3,0,0,3,1,1,2,4,1,0,0,1,1,4,4,3,2,5,5,4,2,12,0,333,0,105,31272,1.84
-0.003,15,0.25,5,0,0,2,2,2,0,3,1,10,3,47,0,2,1,2,1,0,1,0,2,2,2,1,2,2,1,0,2,1,2,8,0,0,0,0,0,0,39,144,5,1,2,2,0,0,2,11,5,2,14,5,0,3,18,14,0,12,229,18,18,1,1,15,14,0,1,9,5,0,0,2,0,5,0,4,3,2,0,5,1,1,2,3,0,1,1,2,0,4,1,4,3,5,0,3,3,11,0,106,2,234,31272,1.62
0.001,16,0.25,18,0,0,2,1,1,0,1,2,27,0,35,0,2,2,0,2,2,2,2,1,2,0,2,0,1,0,0,1,1,2,11,2,1,0,0,0,1,31,143,5,2,2,1,2,2,5,9,10,2,16,0,4,0,15,13,0,16,163,22,12,3,1,11,14,0,3,2,8,0,0,1,0,2,0,0,3,0,0,0,2,1,0,0,1,1,1,2,4,5,2,5,1,1,4,2,2,6,0,472,4,327,31272,1.91
0.005,17,0.25,14,0,0,0,2,1,3,0,4,4,1,58,0,1,1,0,0,1,1,1,0,0,0,2,2,0,0,0,0,1,2,4,0,1,0,0,0,0,20,132,1,0,2,1,2,1,3,3,6,2,14,0,0,3,8,15,0,30,229,15,18,5,1,10,10,2,0,8,13,0,0,1,0,1,0,5,1,0,2,2,1,0,1,5,1,0,0,1,2,5,4,4,1,2,1,4,1,11,1,563,3,223,31272,1.98
0.009,18,0.2,4,0,0,0,2,5,4,4,5,47,3,83,0,0,2,0,1,0,1,1,0,2,0,1,0,2,1,0,1,2,0,4,0,1,0,0,1,0,32,161,3,1,0,0,1,0,0,7,7,2,10,4,3,5,17,9,0,15,127,12,21,18,0,10,10,2,4,0,5,0,0,1,0,4,0,0,4,2,0,0,2,1,1,5,1,0,1,3,5,2,5,1,3,3,2,0,0,4,1,317,5,185,31272,1.84
0.013,19,0.25,18,0,0,4,1,0,0,4,4,34,3,83,0,1,0,2,2,1,1,0,0,1,2,2,2,1,0,1,2,2,0,8,1,0,0,0,1,1,41,139,4,1,0,0,2,1,3,7,9,1,15,3,3,2,28,15,0,18,172,16,22,21,0,13,10,1,2,7,15,0,1,1,0,0,0,1,1,2,1,4,0,2,0,2,1,1,1,1,5,0,5,0,0,3,3,5,4,14,1,124,2,205,31272,1.31
0.018,20,0.25,14,0,0,1,2,2,1,3,5,29,4,78,0,0,0,2,1,0,1,1,2,1,2,2,1,1,0,2,2,2,0,7,1,1,0,0,0,0,34,143,1,1,2,2,1,0,2,3,10,0,14,3,5,1,6,13,0,12,213,14,12,19,1,12,8,0,3,6,9,0,0,2,0,5,0,2,5,0,0,1,0,2,0,1,1,1,0,4,5,3,1,5,2,2,3,3,5,17,1,420,3,231,31272,2.1
0.022,21,0.25,11,0,0,4,2,1,1,5,4,22,3,85,0,1,2,2,0,0,2,2,0,1,0,2,0,0,2,2,2,0,0,5,0,1,0,0,0,0,32,152,0,0,1,1,2,0,0,3,2,2,14,1,2,5,21,22,0,17,129,20,19,15,1,11,10,0,0,8,11,0,0,1,0,2,0,4,1,0,1,2,2,1,1,0,1,1,1,0,4,1,3,2,4,2,2,3,2,7,1,311,0,259,31272,1.91
0.026,22,0.25,8,0,0,1,1,0,1,5,4,33,1,79,0,2,0,1,1,2,2,2,2,1,0,2,0,0,1,0,2,0,1,7,2,1,0,0,0,1,24,158,2,1,1,2,0,1,5,11,4,1,12,1,4,0,7,14,0,17,213,23,15,14,1,11,15,1,2,0,12,0,0,2,0,2,0,1,4,1,2,5,1,1,1,5,1,0,1,3,2,1,0,0,1,4,3,1,2,15,1,136,0,347,31272,1.62
0.03,23,0.25,5,0,0,2,1,1,2,2,4,32,2,67,0,0,0,1,2,1,0,0,1,0,1,1,1,1,2,0,1,1,2,6,0,1,0,0,0,0,24,143,4,0,0,0,2,1,2,2,5,0,16,3,2,1,17,26,0,12,227,14,18,21,0,11,11,1,2,7,3,0,0,2,0,4,0,2,0,1,2,5,0,1,2,2,1,0,0,0,0,5,5,4,3,3,3,0,5,11,1,305,4,326,31272,0.7
0.034,24,0.25,9,0,0,2,1,2,0,5,2,29,5,95,0,0,1,1,1,2,0,2,2,0,2,2,0,0,1,1,0,0,1,9,0,0,0,0,0,0,25,157,0,1,2,1,1,2,1,6,5,0,14,2,1,2,28,18,0,13,120,22,9,15,1,12,8,2,0,7,8,0,0,2,0,1,0,3,4,0,1,4,2,0,0,1,1,0,1,4,1,5,4,5,3,0,4,0,1,10,1,507,3,216,31272,1.04
0.038,25,0.2,14,0,0,5,2,0,1,1,2,18,1,69,0,2,2,2,0,2,1,2,2,2,2,2,1,2,0,0,1,0,2,4,2,0,0,0,0,0,25,155,2,2,1,2,0,2,4,2,7,2,18,1,1,2,18,8,0,14,204,15,17,21,0,12,4,0,1,3,2,0,0,1,0,4,0,5,2,0,0,2,0,2,1,3,1,1,1,2,2,2,4,4,5,2,3,3,3,13,0,210,2,348,31272,0.62
0.042,26,0.25,18,0,0,1,0,0,0,1,3,14,0,72,0,2,1,1,0,0,1,1,0,1,1,0,1,2,2,0,1,0,1,9,0,0,0,0,0,0,25,146,3,1,1,0,0,0,1,6,6,1,9,5,3,1,8,13,0,28,218,12,11,16,1,8,5,1,4,2,0,0,0,1,0,5,0,5,0,1,0,1,1,1,2,0,0,1,0,4,4,5,0,4,2,2,3,0,0,4,0,446,2,202,31272,0.84
0.046,27,0.25,25,0,0,1,1,1,0,2,3,35,5,69,0,1,0,1,1,1,0,1,1,1,2,0,0,2,2,2,0,1,1,3,2,0,0,0,0,0,41,130,0,2,0,2,2,0,2,2,7,2,15,1,4,0,11,28,0,22,217,19,11,17,0,12,3,1,0,8,0,0,0,0,0,3,0,5,5,1,0,0,2,1,2,3,0,1,1,4,0,3,4,5,1,2,4,1,2,12,0,468,0,326,31272,0.78
0.051,28,0.25,36,0,0,0,1,2,1,0,3,26,2,78,0,0,1,0,1,1,0,2,2,1,2,0,0,0,0,0,1,1,1,4,2,1,0,0,0,0,35,136,0,1,2,0,2,0,5,5,10,1,19,4,1,1,20,7,0,17,232,15,21,17,1,13,4,1,2,0,1,0,0,1,0,5,0,3,3,2,0,1,1,2,0,2,0,0,1,3,3,4,2,3,4,2,0,3,3,10,1,583,3,199,31272,0.44
0.055,29,0.25,41,0,0,0,0,2,1,5,4,24,0,67,0,2,2,2,1,0,0,0,2,1,1,2,1,0,2,1,0,1,0,8,0,1,0,0,0,0,30,147,5,1,0,1,2,2,4,4,2,1,12,0,3,2,14,27,0,28,207,13,8,15,0,14,2,1,2,1,0,0,0,2,0,4,0,1,4,2,0,2,2,1,1,5,1,1,0,3,5,3,1,1,5,4,2,1,1,5,1,105,1,275,31272,0.91
0.059,30,0.25,42,0,0,5,2,1,2,2,3,25,5,93,0,0,2,2,2,2,2,1,1,2,2,0,1,0,0,1,1,0,0,3,0,0,0,0,0,0,35,144,4,0,2,0,2,0,4,10,9,1,14,0,0,2,21,24,0,32,141,23,15,18,1,11,2,0,3,5,1,0,0,1,0,1,0,3,5,2,2,5,1,0,2,4,0,0,1,5,4,3,1,3,2,3,3,5,4,5,1,494,0,341,31272,0.91
0.06,31,1,54,0,0,4,4,4,5,2,0,3,1,67,0,2,0,1,0,0,1,0,0,0,0,0,0,0,0,0,0,0,0,7,0,0,0,0,2,1,10,162,5,2,1,0,0,0,2,1,7,1,19,0,1,0,13,20,0,23,150,22,46,16,0,19,5,1,1,3,1,0,0,2,0,0,0,1,4,0,0,0,1,1,0,1,0,0,0,1,1,1,1,1,1,0,0,0,4,17,1,265,1,148,31272,0.98
0.061,32,0.5,67,0,0,3,1,4,2,3,0,46,4,69,0,0,0,0,0,0,0,0,0,1,0,0,0,0,0,0,0,0,0,6,0,1,0,0,1,0,22,131,5,1,1,0,0,0,4,3,0,2,16,0,1,1,18,17,0,21,127,16,70,8,0,8,1,0,1,5,2,0,0,2,0,5,0,1,1,1,1,0,1,0,1,3,1,0,1,5,0,1,1,5,1,0,1,5,1,19,0,630,4,321,31272,1.31
0.062,33,1,21,0,0,1,1,3,3,4,2,2,0,95,0,3,0,0,0,1,2,0,0,0,0,0,0,0,0,0,0,0,0,1,0,0,0,0,0,1,35,141,2,2,2,0,0,0,3,1,8,0,11,4,5,2,7,26,0,32,229,19,84,9,0,17,1,0,0,7,0,0,0,0,0,3,0,1,5,1,1,1,0,0,2,0,0,0,0,3,0,1,1,3,0,0,1,3,2,20,0,366,0,205,31272,1.18
0.064,34,1,20,0,0,0,0,2,2,3,2,24,0,67,0,0,0,0,0,2,0,0,0,0,0,0,0,0,0,0,0,1,0,4,0,0,0,0,1,0,28,131,4,0,2,0,0,0,1,8,9,2,6,0,2,2,3,20,0,31,221,18,73,21,1,18,2,1,2,2,0,0,0,0,0,4,0,0,4,0,0,2,0,1,2,2,1,0,1,1,1,1,1,2,2,0,1,1,1,20,0,344,4,99,31272,1.18
0.065,35,1,26,0,0,5,4,0,5,2,5,30,0,65,0,0,0,0,0,2,0,0,0,0,0,0,0,0,0,0,0,1,0,1,0,0,0,1,2,1,17,156,0,0,1,0,0,0,2,6,4,1,20,2,2,0,11,16,0,24,195,22,84,17,0,19,3,0,2,7,0,0,0,0,0,0,0,1,5,1,0,1,1,0,0,2,1,1,1,0,1,0,1,5,2,1,1,0,2,9,1,356,3,230,31272,1.48
0.066,36,1,35,0,0,0,4,1,0,5,2,23,1,79,0,0,0,0,0,1,2,0,0,0,2,0,0,0,0,0,0,0,0,1,0,0,0,0,1,0,30,160,4,0,0,0,0,1,4,9,0,1,9,4,1,0,16,24,0,10,111,10,107,21,0,11,1,1,2,3,0,0,0,2,0,5,0,0,4,1,1,0,1,1,0,4,1,1,0,1,0,0,0,2,2,0,0,0,3,15,0,505,5,198,31272,2.41
0.067,37,0.5,41,0,0,5,1,4,2,3,1,38,1,54,0,0,0,0,1,1,0,0,0,0,0,0,0,0,0,0,0,1,0,9,0,0,0,0,1,0,34,162,1,1,2,0,0,0,2,7,8,0,15,2,0,0,16,21,0,8,130,9,125,7,0,8,1,0,0,3,0,0,0,0,0,3,0,1,5,0,0,1,1,1,1,5,0,0,0,3,1,0,1,4,2,1,0,0,4,9,1,593,2,325,31272,1.6
0.071,40,1,36,0,0,3,1,5,2,0,2,8,0,70,0,0,0,0,0,0,3,0,0,0,0,1,0,0,0,0,0,0,0,3,0,0,0,0,1,0,33,162,1,2,0,2,0,0,2,5,6,0,10,5,0,2,3,21,0,6,110,22,121,18,0,23,3,1,1,0,0,0,0,0,0,5,0,0,0,0,0,2,1,0,2,3,0,1,1,5,0,1,0,2,2,0,0,5,0,12,1,574,3,401,31272,2.24
0.075,44,1,21,0,0,1,4,4,4,3,1,3,0,53,0,0,0,0,0,1,1,0,0,0,0,0,0,0,0,0,0,1,0,9,0,0,0,0,1,0,13,163,5,0,0,0,0,0,4,3,6,0,6,4,0,1,19,25,0,5,184,23,122,20,0,16,1,0,0,2,3,0,0,0,0,3,0,0,2,1,0,2,0,0,2,2,1,0,0,2,1,1,1,4,0,1,0,1,4,18,0,245,1,135,31272,1.54
0.079,47,0.5,14,0,0,3,0,2,3,2,3,45,1,73,0,0,0,0,0,1,2,0,0,0,0,0,0,0,0,0,0,0,0,6,0,0,0,0,2,0,40,148,0,0,1,0,0,0,3,7,7,1,7,0,0,0,13,17,0,4,121,16,95,4,0,9,3,1,1,0,3,0,0,0,0,1,0,0,0,1,1,1,1,0,2,4,0,1,1,4,0,1,1,2,0,1,1,5,0,20,1,266,0,345,31272,2.18
0.085,52,1,5,0,0,0,4,3,0,0,5,17,0,74,0,0,0,0,0,2,0,0,0,0,0,0,0,0,0,0,0,0,1,0,1,0,0,0,1,0,33,177,4,0,0,0,0,0,3,10,3,1,10,5,0,2,4,27,0,7,97,15,92,5,0,11,3,0,2,3,0,0,0,0,0,5,0,0,1,1,0,2,0,0,0,4,1,1,1,2,1,1,0,2,2,1,0,4,3,12,0,303,2,289,31272,1.38
0.094,60,0.05,5,0,0,3,5,5,1,2,0,7,1,60,0,2,0,0,2,0,0,0,1,0,0,0,0,0,0,0,0,0,0,2,0,1,0,0,2,0,16,142,5,1,2,1,0,0,4,3,10,0,14,3,0,2,18,26,0,5,101,10,102,18,0,9,2,1,1,3,6,0,0,0,0,0,0,0,5,1,1,0,0,0,1,1,1,0,0,4,1,0,0,0,2,1,0,0,0,8,0,473,3,294,31272,1.91
0.163,64,0.05,8,0,0,5,2,1,0,2,4,42,1,60,0,2,0,0,0,0,0,0,2,0,0,0,0,0,0,0,0,0,0,10,0,0,0,0,0,0,32,140,4,0,0,0,0,0,5,4,10,0,19,3,0,0,21,26,0,2,197,3,127,23,0,9,3,2,0,4,3,0,0,0,0,3,0,0,5,1,1,0,0,1,0,3,1,1,0,5,0,1,0,4,2,1,0,3,0,9,1,624,5,118,31272,2.09
0.216,67,0.05,7,0,0,3,2,5,0,4,0,10,0,77,0,0,1,0,0,2,0,0,1,0,0,0,0,0,0,0,0,0,0,19,0,0,1,0,0,0,26,156,2,1,1,3,0,0,2,7,4,0,14,0,0,1,17,28,0,1,4,0,98,5,0,12,4,1,2,4,4,0,0,0,0,2,0,1,4,1,0,2,1,1,0,4,0,1,0,2,0,0,1,4,1,0,1,2,1,11,0,421,5,124,31272,1.48
0.251,69,0.05,14,0,0,2,1,3,0,0,2,22,0,89,0,3,0,0,0,0,0,0,0,0,0,0,0,0,0,0,0,0,0,14,0,0,0,0,0,0,28,150,5,2,0,0,0,0,3,9,10,1,5,4,0,0,9,19,0,4,7,4,117,3,0,11,5,1,2,3,1,0,0,0,0,3,0,0,1,0,1,1,0,1,0,4,0,1,0,5,0,1,1,0,0,1,0,2,3,17,1,606,1,365,31272,1.71
0.286,71,0.06,20,0,0,2,1,1,0,4,2,25,1,57,0,3,0,0,0,1,0,0,0,0,0,0,0,0,0,0,0,0,0,16,0,0,0,0,0,0,20,137,5,2,1,0,0,0,5,6,2,1,3,4,0,0,14,16,0,3,8,3,225,3,0,8,0,1,2,3,5,0,0,0,0,4,0,0,2,1,0,2,0,0,0,4,0,0,1,2,1,0,0,1,2,0,0,1,3,14,0,665,5,215,31272,2.05
0.409,78,0.06,34,0,0,4,3,0,0,1,1,29,1,92,0,0,0,0,0,0,1,0,0,0,0,0,0,0,0,0,0,0,0,16,0,0,0,0,0,0,18,176,5,0,2,0,0,0,4,6,0,2,1,0,0,1,10,26,0,5,9,5,190,4,0,11,3,0,1,8,5,0,0,1,0,2,0,0,0,0,0,2,1,1,2,2,1,1,0,1,1,1,1,4,1,0,1,5,2,8,0,670,2,217,31272,2.71
0.444,80,0.05,19,0,0,5,4,5,0,1,1,37,0,86,0,0,0,0,0,2,0,1,0,2,0,1,0,0,0,0,0,0,0,16,0,0,0,0,0,1,24,159,0,1,1,0,0,0,3,5,10,1,2,2,0,0,7,27,0,6,6,4,226,3,1,12,0,1,0,2,5,0,0,0,0,5,0,1,0,0,0,2,0,1,0,3,1,0,1,0,0,0,0,2,0,0,0,1,3,18,0,539,1,210,31272,2.31
0.479,82,0.06,17,0,0,2,4,2,4,1,3,6,0,86,0,0,0,0,0,1,1,0,0,0,1,0,0,0,0,0,0,1,0,16,0,0,0,0,0,1,37,164,3,1,2,0,0,0,4,7,8,1,0,4,0,1,13,23,0,1,0,2,231,16,0,3,3,0,0,4,3,0,0,0,0,0,0,0,1,1,1,0,0,0,2,2,0,1,1,3,0,0,0,2,1,0,1,1,4,20,1,570,3,206,31272,2.24
0.531,85,0.05,32,0,0,2,1,0,2,2,0,29,1,96,0,0,0,0,0,2,0,0,0,0,0,0,0,0,0,0,0,1,0,20,0,0,0,1,0,1,22,169,1,1,0,3,0,0,5,9,2,0,3,0,0,0,17,26,0,2,5,4,211,10,0,5,3,0,0,5,2,0,0,0,0,4,0,1,4,0,1,2,0,0,1,0,0,1,0,1,0,0,0,4,2,1,0,5,0,18,1,585,4,198,31272,1.2
0.566,87,0.05,28,0,0,2,0,4,1,0,2,41,1,98,0,0,0,0,0,1,2,0,1,0,0,0,0,0,0,0,0,0,1,17,1,0,0,0,0,1,18,144,2,0,0,0,0,0,3,3,7,2,3,2,0,0,23,23,0,2,9,4,215,13,0,4,1,0,0,0,3,0,0,0,0,5,0,1,4,1,1,1,1,1,2,5,1,1,1,0,1,1,0,3,2,0,0,2,4,13,0,321,5,185,31272,2.38
0.638,91,0.06,44,0,0,5,3,4,2,3,3,35,1,63,0,0,0,0,0,2,0,0,0,0,0,0,0,0,0,0,0,1,0,14,0,0,1,0,0,0,22,144,0,1,0,0,0,0,5,1,10,1,0,3,1,1,4,19,0,4,5,5,231,5,0,0,4,0,0,3,3,0,0,0,0,3,0,1,2,0,0,1,1,1,0,0,1,1,1,0,0,1,1,4,0,0,0,2,1,5,1,125,1,278,31272,1.71
0.677,93,0.06,54,0,0,2,1,5,1,0,4,26,1,65,0,0,0,0,0,1,0,0,0,0,0,0,0,0,0,0,0,2,0,16,0,0,0,0,0,0,15,167,2,1,0,0,0,0,4,9,5,2,3,1,1,1,7,23,0,2,2,2,186,13,0,5,2,0,0,1,7,0,0,0,0,2,0,1,3,0,0,0,0,1,0,0,1,1,0,4,1,0,1,2,0,1,1,1,4,7,0,214,1,321,31272,1.58
0.715,95,0.06,65,0,0,3,4,5,1,2,4,30,0,84,0,2,0,0,0,2,0,0,0,0,0,0,0,0,0,0,0,1,0,29,0,0,0,0,0,0,19,155,1,0,2,2,0,0,5,7,1,0,5,1,2,2,9,26,0,4,10,0,233,8,0,3,4,0,0,1,2,0,0,0,0,0,0,0,2,0,0,1,0,1,0,2,0,0,0,4,1,1,0,5,1,1,0,4,0,20,0,356,3,401,31272,1
0.733,96,0.06,112,0,0,4,3,5,5,0,2,31,0,71,0,2,0,1,0,1,0,0,0,0,0,0,0,0,0,0,0,2,0,25,0,0,0,0,0,0,37,138,3,1,0,0,0,0,3,6,4,0,4,2,1,0,13,17,0,0,6,2,181,8,0,0,5,2,0,7,2,0,0,0,0,3,0,0,3,1,1,1,0,1,0,0,1,0,0,1,0,0,1,3,0,0,1,3,1,9,1,639,4,389,31272,1
0.775,98,0.06,67,0,0,3,2,3,1,1,1,9,0,69,0,0,0,0,1,2,1,0,0,0,0,0,0,0,0,0,0,1,0,26,0,0,0,0,0,0,15,159,2,1,2,0,0,0,4,1,3,0,6,2,0,2,1,16,0,0,9,5,108,7,0,5,3,1,0,3,2,0,0,0,0,0,0,1,4,1,1,2,0,1,1,3,0,1,1,2,0,0,0,0,0,1,0,0,2,6,1,533,0,217,31272,1
0.931,105,0.05,47,0,0,2,2,0,3,1,3,47,0,58,0,1,0,0,0,1,0,0,0,0,0,0,0,0,0,0,0,1,0,27,0,0,0,0,0,0,25,151,5,2,1,0,0,0,2,0,8,2,13,2,0,0,10,19,0,1,7,2,111,8,0,5,3,0,0,8,5,0,0,0,0,1,0,1,5,0,0,2,0,1,2,0,0,0,1,0,1,1,1,3,2,1,0,3,4,7,1,532,3,435,31272,1
0.989,108,0.06,32,0,0,4,3,0,2,5,1,0,0,54,0,1,0,0,0,0,0,0,0,0,0,0,0,0,0,0,0,1,0,26,0,1,0,0,0,0,34,168,5,1,2,2,0,0,3,1,1,0,14,4,0,2,6,28,0,1,2,2,123,16,0,5,5,0,0,3,8,0,0,0,0,3,0,1,0,1,0,0,1,0,1,0,0,1,0,0,1,0,1,4,1,0,1,2,2,8,1,141,3,145,31272,1
1.007,109,0.06,40,0,0,3,1,3,2,2,5,42,0,66,0,1,0,0,0,0,0,0,0,0,0,0,0,0,0,0,0,1,0,25,0,0,0,0,0,0,22,24,2,0,2,0,0,0,5,3,10,1,9,3,0,0,0,22,0,1,9,3,108,12,0,2,4,0,0,4,3,0,0,0,0,1,0,1,2,0,1,1,0,1,2,4,1,0,1,3,0,1,1,2,0,0,0,1,3,20,0,111,3,164,31272,1
1.067,112,0.06,48,0,0,2,3,1,1,2,5,10,0,76,0,1,0,0,0,2,0,0,0,0,0,0,0,0,0,0,0,1,0,28,0,0,0,1,0,0,10,15,0,0,0,0,0,0,1,7,9,0,11,1,0,1,22,25,0,2,10,1,121,7,0,4,4,0,0,5,4,0,0,0,0,4,0,0,4,1,1,2,0,1,2,3,0,1,1,3,0,1,1,0,1,1,1,2,3,8,1,179,3,187,31272,1
1.124,115,0.06,25,0,0,1,4,1,0,0,0,2,0,78,0,2,0,0,0,0,0,0,2,0,2,2,0,0,0,0,0,2,0,9,0,0,0,0,0,0,26,14,0,1,1,0,0,0,2,3,10,1,13,0,0,0,13,22,0,1,8,2,113,14,0,0,4,0,0,5,8,0,0,0,0,1,0,1,0,1,1,0,1,1,2,5,0,1,0,1,1,1,0,2,2,0,0,1,2,8,0,174,3,210,31272,1
1.182,118,0.06,24,0,0,2,5,0,2,0,3,15,0,65,0,1,0,0,0,2,0,0,0,0,0,0,0,0,0,0,0,1,0,7,0,0,0,0,0,0,34,24,0,0,1,1,0,0,4,9,12,0,8,1,1,0,1,19,0,1,9,1,118,13,0,1,5,1,0,1,5,0,0,0,0,3,0,0,1,0,1,2,0,0,2,4,1,1,0,1,0,0,1,2,2,1,1,4,1,5,1,179,4,167,31272,1
1.236,121,0.06,36,0,3,0,1,0,0,0,0,12,0,89,0,2,0,0,0,2,2,0,0,0,0,0,0,0,0,0,0,2,0,5,0,2,0,0,0,0,21,24,2,1,1,0,0,0,3,10,10,2,5,5,0,1,12,22,0,0,9,3,114,3,0,5,4,2,0,3,3,0,1,0,0,1,0,0,1,0,1,0,0,0,1,0,1,1,0,4,1,1,1,2,0,1,1,0,1,6,0,155,5,298,31272,1
1.313,126,0.06,48,0,2,3,2,0,0,1,0,8,0,52,0,3,0,0,0,1,0,0,0,0,0,0,0,0,0,0,0,0,0,6,0,0,0,0,0,0,11,24,0,1,2,0,0,0,4,9,19,1,6,4,0,1,0,17,0,0,1,0,104,10,0,5,3,0,0,5,2,0,0,0,0,5,0,0,3,0,0,1,0,1,0,2,0,1,0,1,1,0,0,5,2,1,1,2,3,9,0,174,3,310,31272,1
1.428,134,0.07,22,0,2,5,2,0,0,0,0,4,0,55,0,1,0,0,0,2,0,0,2,0,0,0,0,0,0,0,0,0,1,8,1,0,0,0,0,0,19,14,5,1,0,0,0,0,5,0,21,2,4,5,0,1,7,23,0,1,8,0,107,13,0,4,0,0,0,3,1,0,0,0,0,5,0,0,4,1,1,1,1,0,1,5,0,1,1,2,0,0,0,0,0,0,1,5,0,17,1,126,2,245,31272,1
1.486,138,0.08,18,0,0,5,4,0,0,0,0,7,0,56,0,3,0,0,0,0,0,0,0,1,0,0,0,0,0,0,0,0,0,10,0,2,0,0,0,0,11,17,4,2,0,0,0,0,3,2,18,2,3,3,0,1,2,27,0,0,8,0,79,1,0,0,5,0,0,4,3,0,0,0,0,4,0,0,3,0,1,1,0,0,1,0,0,0,0,5,0,0,1,4,2,0,0,3,1,14,0,139,0,168,31272,1
1.572,144,0.08,34,0,0,3,2,0,0,0,0,3,0,50,0,2,0,0,0,0,0,0,0,0,0,0,0,0,0,0,0,0,0,8,0,0,0,0,0,0,25,25,4,2,0,0,0,0,2,6,5,2,4,4,1,0,19,27,0,0,3,0,75,1,1,4,1,0,0,3,2,0,0,0,0,4,0,0,3,0,1,2,1,0,0,3,1,1,1,2,0,0,1,4,2,1,0,4,4,15,1,148,5,199,31272,1
1.625,148,0.07,33,0,0,2,4,0,0,0,0,6,0,51,0,1,0,0,2,2,0,1,0,0,0,0,0,0,0,0,0,0,0,9,0,0,1,1,0,0,29,17,1,1,1,0,0,0,1,9,12,1,2,1,1,1,15,22,0,0,9,3,82,7,0,3,1,1,0,8,1,0,0,0,0,0,0,1,4,0,1,0,0,1,2,0,0,1,0,1,1,1,1,4,1,1,1,4,5,8,1,611,3,210,31272,1
1.677,152,0.07,25,0,0,0,0,2,0,0,1,4,0,50,0,1,0,0,1,0,0,0,0,0,0,0,0,0,0,0,0,0,0,8,0,0,0,0,0,0,33,19,0,0,1,0,0,0,3,3,11,2,3,5,0,1,18,19,0,0,3,0,85,9,0,5,1,0,0,0,4,0,0,0,0,4,0,0,5,1,0,0,0,1,0,5,0,1,1,5,1,0,1,1,0,1,0,2,3,5,1,678,1,131,31272,1
1.703,154,0.08,37,0,0,3,1,0,0,0,0,8,0,92,0,0,0,0,0,0,0,0,0,0,0,0,0,0,0,0,0,0,0,7,0,1,0,0,0,0,17,18,5,1,0,0,0,0,4,10,1,1,1,0,0,0,2,25,0,0,7,4,114,14,0,2,1,0,0,1,5,0,0,0,0,5,0,1,3,1,1,1,0,0,0,5,0,1,1,0,1,0,1,5,0,1,1,2,0,6,1,598,5,200,31272,1
1.716,155,0.07,39,0,0,3,2,0,0,0,0,1,0,53,0,0,0,0,0,2,0,0,0,0,0,1,0,0,0,0,0,0,0,5,0,0,0,0,0,0,39,18,2,2,1,1,0,0,2,10,7,2,7,4,0,0,4,27,0,0,8,3,111,0,0,2,1,0,0,2,4,0,0,0,0,3,0,1,0,1,1,1,1,1,0,0,1,0,1,4,0,1,0,0,2,0,1,2,0,16,0,864,5,284,31272,1
1.743,157,0.06,31,0,0,2,1,0,0,0,0,8,0,87,0,0,0,0,0,1,0,0,1,0,0,0,0,0,0,0,0,0,0,8,0,0,0,0,0,0,39,40,4,2,1,0,0,0,4,4,11,1,8,3,0,2,1,16,0,0,4,0,91,9,0,4,2,0,0,8,3,0,0,0,0,5,0,0,3,0,1,2,1,0,0,1,0,1,0,5,1,0,0,5,0,0,0,0,4,7,1,891,5,128,31272,1
1.767,159,0.07,17,0,0,0,1,0,0,0,0,6,0,68,0,0,0,0,0,2,0,0,0,0,0,0,0,0,0,0,0,0,0,7,0,0,0,0,0,0,19,70,1,0,0,0,0,0,3,8,0,2,7,3,1,0,4,18,0,0,2,1,83,2,0,0,0,0,0,10,4,0,0,0,0,0,0,0,4,1,1,2,1,1,2,2,0,0,0,5,0,1,1,1,2,1,0,3,1,16,1,1068,5,100,31272,1
1.809,162,0.06,42,0,0,3,5,0,0,0,0,3,0,67,0,0,0,0,0,0,0,0,1,0,0,0,0,0,0,0,0,0,0,7,0,0,0,0,0,0,17,73,0,1,1,0,0,0,2,2,3,0,6,2,1,0,2,18,0,0,7,0,92,12,0,4,0,0,0,3,0,0,0,0,0,5,0,0,2,0,0,2,1,1,2,0,1,1,0,1,0,1,1,3,0,1,1,0,2,14,1,451,0,201,31272,1
1.88,167,0.06,38,0,0,7,4,0,0,0,0,16,0,64,0,0,0,0,0,2,0,0,0,0,1,0,0,0,0,0,0,0,0,7,0,0,0,0,0,0,22,63,0,1,1,0,0,0,3,7,7,1,5,2,1,0,2,26,0,0,4,5,92,11,0,0,0,0,0,3,0,0,0,0,0,1,0,1,3,1,1,1,0,0,2,5,1,0,0,1,0,1,0,2,1,1,0,1,5,12,0,432,1,150,31272,1
1.95,172,0.06,25,0,0,8,1,0,0,0,0,15,0,84,0,0,0,0,0,2,0,0,0,0,0,0,0,0,0,0,0,0,1,5,1,0,0,0,1,0,30,40,0,0,1,0,0,0,3,10,1,2,5,5,0,1,5,20,0,0,6,3,69,1,0,0,1,0,0,10,0,0,0,0,0,3,0,1,5,1,0,1,0,0,2,0,1,1,0,0,0,0,0,3,1,1,0,5,1,10,0,1107,5,236,31272,1
2.011,176,0.07,4,0,0,7,2,0,0,0,0,16,0,64,0,0,0,0,0,1,0,2,0,0,0,0,0,0,0,0,0,0,1,9,1,2,0,0,1,0,28,52,2,2,0,0,0,0,4,3,7,0,7,0,2,1,2,18,0,0,9,2,70,16,0,0,0,0,0,3,0,0,0,0,0,2,0,0,4,1,0,0,0,1,1,2,1,1,1,2,0,0,0,1,0,0,0,5,3,16,0,883,5,100,31272,1
2.026,177,0.07,10,0,0,9,1,0,0,0,0,11,0,79,0,0,0,0,0,1,0,0,0,0,0,0,0,0,0,0,0,0,0,5,0,0,1,0,0,0,22,51,1,2,1,0,0,0,4,2,6,0,7,3,1,2,3,26,0,0,5,2,69,11,0,0,2,0,0,1,0,0,0,0,0,2,0,1,1,1,0,2,0,1,1,0,1,0,0,0,1,0,0,4,0,0,0,4,1,16,1,930,1,115,31272,1
2.072,180,0.08,72,0,0,8,0,0,0,0,0,12,0,68,0,2,0,0,0,0,0,0,0,0,0,0,0,0,0,0,0,0,0,10,0,0,0,0,1,0,27,63,3,1,1,0,0,0,3,6,12,2,7,3,6,2,0,21,0,0,3,2,65,2,0,0,2,0,0,0,0,0,0,0,0,0,0,1,5,1,1,1,0,0,1,2,1,1,0,0,1,0,0,1,2,1,1,0,3,5,1,980,4,197,31272,1
2.084,181,0.07,56,0,0,5,0,0,0,0,0,20,0,86,0,1,0,0,0,0,0,0,0,0,0,0,0,0,0,0,0,0,0,7,0,0,0,0,0,0,31,61,1,0,1,0,0,0,4,5,9,1,5,0,5,1,4,20,0,0,3,0,59,8,1,0,0,1,0,8,0,0,0,0,0,5,0,1,2,0,0,2,0,0,1,3,0,1,0,3,0,0,0,4,2,1,0,3,1,5,0,985,2,230,31272,1
2.097,182,0.07,30,0,0,7,0,0,0,0,0,15,0,91,0,0,0,0,0,2,0,0,0,0,0,0,0,0,0,0,0,0,0,10,0,0,0,0,1,0,40,60,2,1,1,0,0,0,5,3,3,0,5,0,2,2,2,19,0,0,2,0,75,16,0,0,0,0,0,3,2,0,0,0,0,1,0,1,4,1,1,0,1,1,0,0,0,0,0,5,0,1,0,3,0,0,1,3,2,9,0,1081,3,103,31272,1
2.109,183,0.07,11,0,0,7,0,0,0,0,0,17,0,96,0,0,0,0,0,0,1,0,1,0,0,2,0,0,0,0,0,0,0,6,0,2,0,0,1,0,29,77,0,1,1,0,0,0,5,6,3,0,5,2,2,2,4,24,0,0,3,0,73,6,0,0,0,0,0,0,1,0,0,0,0,3,0,1,5,0,0,2,0,1,0,1,0,1,1,0,1,0,1,4,2,1,0,5,5,16,1,436,0,128,31272,1
2.123,184,0.07,13,0,0,7,0,0,0,0,0,18,0,83,0,1,0,0,1,2,0,0,0,0,0,0,0,0,0,0,0,0,0,5,0,0,0,0,0,0,29,81,3,1,0,0,0,0,1,0,9,0,5,3,4,1,3,4,0,0,5,0,58,16,0,0,0,2,0,6,0,0,0,0,0,2,0,1,1,1,1,1,0,1,2,2,1,0,0,0,1,1,1,2,1,0,1,0,5,20,0,958,3,100,31272,1
2.136,185,0.07,36,0,0,10,0,0,0,0,0,11,0,87,0,1,0,0,0,2,0,0,0,0,0,0,0,0,0,0,0,0,0,7,0,1,0,0,0,0,29,41,2,0,1,0,0,0,5,7,11,0,8,1,4,2,3,4,0,0,5,0,34,1,0,0,0,0,0,4,0,0,0,0,0,1,0,0,0,1,1,0,0,0,1,2,1,1,0,1,0,1,0,3,2,1,0,5,2,14,0,1099,5,98,31272,1
2.149,186,0.08,28,0,0,8,0,0,0,0,0,18,0,95,0,0,0,0,0,2,0,1,0,0,0,0,0,0,0,0,0,0,0,7,0,0,0,0,0,0,22,62,4,0,1,0,0,0,1,3,7,0,8,0,3,1,3,2,0,0,1,0,86,0,0,0,0,0,0,9,2,0,0,0,0,5,0,0,3,1,1,1,0,1,2,5,0,1,0,2,0,0,0,4,2,1,1,5,5,16,0,1127,1,114,31272,1
2.164,187,0.07,17,0,0,10,0,0,0,0,0,19,0,85,0,0,0,0,0,2,0,2,0,0,0,0,0,0,0,0,0,0,0,9,0,0,0,0,0,0,16,90,5,0,2,0,0,0,2,2,8,0,5,0,4,1,2,0,0,0,2,0,68,17,0,0,0,0,0,9,0,0,0,0,0,4,0,1,3,0,1,1,0,0,1,1,1,1,0,3,0,0,1,2,1,1,1,4,3,6,0,1146,0,98,31272,1
2.178,188,0.07,21,0,0,8,0,0,0,0,0,10,0,83,0,1,0,0,0,1,0,1,2,0,0,0,0,0,0,0,0,0,1,7,1,0,0,0,0,0,40,92,1,2,2,2,0,0,2,9,5,0,5,4,1,2,1,4,0,0,3,0,31,5,0,0,0,0,1,2,0,0,0,0,0,0,0,0,4,0,1,1,1,0,1,2,1,0,0,0,1,0,0,2,2,1,1,2,5,10,0,1108,1,201,31272,1
2.192,189,0.07,15,0,0,7,1,0,0,0,0,20,0,82,0,0,0,0,0,1,0,0,0,1,0,0,0,0,0,0,0,0,1,8,1,0,1,0,0,0,30,107,2,2,0,0,0,0,1,3,4,0,7,3,5,2,3,3,0,0,4,0,68,15,0,0,0,0,0,5,0,0,0,0,0,4,0,0,3,0,0,0,0,1,0,5,1,1,0,2,1,0,0,0,1,1,1,3,3,11,0,955,4,100,31272,1
2.207,190,0.06,2,0,0,5,0,0,0,0,0,18,0,97,0,0,0,0,0,1,0,0,0,0,0,0,0,0,0,0,0,0,1,9,1,1,0,0,0,0,20,109,0,2,1,0,0,1,4,2,1,0,4,5,2,0,4,0,0,0,5,0,62,15,1,0,0,0,0,8,1,0,0,0,0,1,0,0,5,1,0,0,0,0,0,2,0,0,0,2,0,0,0,0,2,0,1,0,3,13,1,1061,5,230,31272,1
2.223,191,0.07,4,0,0,9,0,0,0,0,0,20,0,86,0,1,0,0,0,0,0,0,0,0,0,1,0,0,0,0,0,0,1,7,1,0,1,0,0,0,20,100,5,2,1,0,0,0,2,0,12,2,7,4,6,0,4,5,0,0,4,0,73,3,1,0,0,0,0,8,3,0,0,0,0,4,0,1,2,1,1,2,1,0,2,2,1,1,0,0,0,1,0,4,2,1,1,5,3,15,0,758,3,35,31272,1
2.238,192,0.06,15,0,0,6,0,0,0,0,0,15,0,89,0,1,0,0,0,0,0,0,3,0,0,0,0,0,0,0,0,0,0,10,0,0,2,0,0,0,37,99,3,2,2,0,0,0,4,8,3,1,5,0,2,2,4,4,0,0,3,0,24,5,1,0,0,1,0,2,0,0,0,0,0,4,0,0,3,1,0,2,0,1,0,3,0,0,1,3,0,0,1,3,1,0,1,5,4,7,0,410,1,108,31272,1
2.252,193,0.07,32,0,0,10,0,0,0,0,0,20,0,80,0,1,0,0,0,0,0,0,0,0,0,0,0,0,0,0,0,0,0,6,0,0,1,0,0,0,26,100,3,0,2,0,0,0,4,8,2,0,5,0,0,2,2,4,0,0,0,0,30,3,1,0,0,1,0,10,4,0,0,0,0,4,0,0,0,1,0,0,1,1,2,5,1,1,1,1,0,0,0,1,2,1,1,1,5,17,1,125,4,101,31272,1
2.319,198,0.08,5,0,0,8,0,0,0,0,0,10,0,81,0,1,0,0,0,0,0,0,0,0,0,0,0,0,0,0,0,0,0,10,0,0,0,0,0,0,31,98,5,0,1,0,1,0,1,11,8,0,4,1,4,1,1,4,0,0,4,0,45,5,1,0,0,1,0,12,0,0,0,0,0,4,0,0,5,0,0,0,0,0,0,4,1,0,1,1,0,1,1,0,0,1,0,2,0,19,0,994,2,198,31272,1
2.411,205,0.08,10,0,0,8,0,0,0,0,0,18,0,86,0,0,0,0,0,0,0,0,0,0,0,0,0,0,0,0,0,0,0,6,0,1,0,0,0,0,19,105,0,0,2,0,0,0,4,2,5,0,7,4,6,1,2,1,0,0,3,0,90,8,0,0,0,1,0,0,0,0,0,0,0,1,0,1,2,1,1,1,1,1,2,0,1,0,0,3,0,1,1,0,0,0,1,2,4,17,0,1117,0,118,31272,1
2.506,212,0.08,8,0,0,8,0,0,0,0,0,13,0,82,0,1,0,0,0,0,0,0,0,0,0,0,0,0,0,0,0,0,0,5,0,0,0,0,0,0,23,104,5,0,1,0,0,0,1,10,12,0,5,4,2,0,1,5,0,0,4,0,31,9,0,0,0,0,0,2,0,0,0,0,0,2,0,0,5,0,0,1,0,1,1,4,1,0,0,2,1,0,0,3,0,1,1,3,0,16,0,1045,4,185,31272,1
2.637,221,0.08,19,0,0,11,0,0,0,0,0,20,0,54,0,0,0,0,0,0,0,0,0,0,1,0,0,0,0,0,0,0,0,5,0,0,0,0,0,0,28,110,4,2,2,0,0,0,3,5,8,0,6,0,5,0,2,2,0,0,4,0,94,4,0,0,0,0,0,0,0,0,0,0,0,1,0,0,2,1,1,2,0,1,0,1,0,0,0,5,0,0,0,5,1,0,0,4,5,20,1,1012,5,123,31272,1
2.735,228,0.09,14,0,0,13,0,0,0,0,0,17,0,40,0,0,0,0,1,0,0,0,0,0,0,1,0,0,0,0,0,0,0,10,0,0,2,0,0,0,35,92,4,1,0,0,0,0,5,9,3,0,6,4,3,1,0,4,0,0,5,0,72,10,0,0,0,0,0,13,0,0,0,0,0,2,0,0,2,1,0,2,0,1,1,3,1,0,0,4,0,0,0,5,0,0,1,4,2,5,1,868,5,221,31272,1
2.811,234,0.09,9,0,0,11,0,0,0,0,0,15,0,54,0,0,0,0,0,0,0,2,0,0,0,0,0,0,0,0,0,0,0,7,0,0,0,0,0,0,14,27,5,2,1,0,0,0,1,0,1,0,7,3,6,0,0,4,0,0,2,0,40,3,0,0,0,0,0,1,0,0,0,0,0,1,0,0,3,1,1,1,0,1,1,1,1,0,0,5,1,1,1,5,0,0,1,4,1,10,0,1102,1,84,31272,1
2.85,237,0.09,12,0,0,12,0,0,0,0,0,16,0,38,0,1,0,0,0,0,0,2,0,0,0,0,0,0,0,0,0,0,1,9,1,0,0,0,0,0,37,57,5,1,2,0,0,0,2,7,9,0,4,4,3,0,3,0,0,0,4,0,64,12,1,0,0,0,0,3,0,0,0,0,0,0,0,0,5,1,0,2,1,1,2,2,1,0,1,0,1,0,0,0,0,1,1,0,3,15,1,789,3,105,31272,1
2.902,241,0.07,21,0,0,13,0,0,0,0,0,14,0,51,0,1,0,1,0,0,0,2,0,0,0,0,0,0,0,0,0,0,0,7,0,0,0,0,0,0,18,59,3,2,1,1,0,0,5,12,8,0,5,1,6,1,0,2,0,0,1,0,70,17,1,0,0,0,0,3,0,0,0,0,0,3,0,0,1,1,0,0,1,1,0,1,1,1,0,5,0,0,0,3,0,1,1,0,3,5,1,1047,4,356,31272,1
2.977,246,0.06,32,0,0,12,0,0,0,0,0,20,0,41,0,0,0,0,0,0,0,1,0,0,0,0,0,0,0,0,0,0,0,5,0,2,0,0,0,0,16,24,3,0,2,0,0,0,1,8,12,1,4,4,1,0,1,2,0,0,5,0,33,15,1,0,0,0,0,10,0,0,0,0,0,1,0,0,5,1,1,0,0,0,0,2,0,1,0,2,1,0,0,3,1,0,1,4,1,12,0,1081,1,147,31272,1
3.086,253,0.06,26,2,0,14,0,0,0,0,0,13,0,32,0,0,0,0,0,0,0,1,0,0,0,0,0,0,0,0,0,0,0,9,0,0,0,0,0,0,15,23,2,0,1,0,1,1,4,9,2,2,4,0,1,0,1,5,0,0,1,0,94,17,1,0,0,0,0,4,0,0,0,0,0,1,0,0,1,0,1,2,0,1,2,1,0,1,0,5,1,0,1,3,1,0,0,4,3,10,0,1015,1,102,31272,1
3.28,265,0.06,14,4,0,14,0,0,0,0,0,11,0,36,0,1,0,0,0,0,0,2,0,0,0,0,0,0,0,0,0,0,0,5,0,0,0,0,0,0,17,31,5,1,1,0,0,0,1,2,0,0,8,2,6,1,1,5,0,0,1,0,78,15,0,0,0,0,0,11,0,0,0,0,0,1,0,0,4,1,1,0,0,1,2,3,0,1,1,0,0,0,0,0,2,0,0,4,2,17,0,803,0,136,31272,1
3.414,275,0.08,18,5,0,12,0,0,0,0,0,18,0,44,0,1,0,0,0,0,0,1,0,0,0,0,0,0,0,0,0,0,0,10,0,0,0,0,0,0,18,35,3,1,1,0,0,0,1,3,1,0,4,4,6,1,2,0,0,0,2,0,68,4,0,0,0,0,0,9,0,0,0,0,0,0,0,1,4,1,1,0,1,1,0,1,0,1,0,4,1,1,1,5,1,1,0,0,2,5,0,1067,5,123,31272,1
3.462,279,0.08,21,2,0,11,0,0,0,0,0,20,1,60,0,1,0,0,0,0,0,2,0,0,0,0,0,0,0,0,0,0,0,5,0,1,0,0,0,0,18,28,0,0,1,0,1,0,2,6,4,0,6,0,6,1,2,0,0,0,2,0,62,16,0,0,0,0,0,3,0,0,0,0,0,5,0,1,4,0,1,2,1,0,1,2,1,0,0,3,1,0,1,1,1,1,1,4,0,13,0,805,3,143,31272,1
3.496,282,0.08,36,1,0,14,0,0,0,0,0,14,0,47,0,0,0,0,0,0,0,1,0,0,0,0,0,0,0,0,0,0,0,10,0,0,0,0,0,0,19,21,3,1,2,1,0,0,7,9,12,0,5,2,5,1,5,0,0,0,2,0,67,15,0,0,0,0,0,3,0,0,0,0,0,0,0,0,5,0,1,2,1,0,2,4,1,0,1,3,1,1,0,3,1,1,1,0,3,16,0,1142,0,185,31272,1
3.542,286,0.08,10,2,0,11,0,0,0,0,0,14,0,48,0,1,0,0,0,0,0,0,0,0,0,0,0,0,0,0,0,0,0,7,0,0,0,0,0,0,12,59,2,2,0,2,0,0,1,3,7,0,5,4,5,0,0,0,0,0,3,0,79,0,0,0,0,0,0,1,0,0,0,0,0,3,0,0,1,0,0,0,1,0,2,1,0,1,0,0,0,1,1,4,2,0,1,5,1,14,1,1143,1,200,31272,1
3.579,289,0.07,8,1,0,10,0,0,0,0,0,19,0,32,0,1,0,0,0,0,0,0,0,1,0,0,0,0,0,0,0,0,0,9,0,0,0,0,0,0,20,39,2,1,2,1,0,0,2,6,9,0,8,2,0,0,2,0,0,0,4,0,79,2,0,0,0,0,0,1,1,0,0,0,0,1,0,0,0,0,0,0,0,1,0,2,0,1,0,0,0,1,1,5,1,0,0,1,4,10,0,1775,1,210,31272,1
3.631,293,0.08,5,5,0,15,0,0,0,0,0,18,0,52,0,1,0,0,0,0,0,0,0,0,0,1,0,0,0,0,0,0,0,8,0,5,0,0,0,0,15,45,2,0,0,1,0,0,2,9,9,1,5,2,1,1,5,0,0,0,5,0,106,14,0,0,0,0,0,11,0,0,0,0,0,2,0,1,0,0,0,1,0,0,0,3,0,0,1,4,1,0,0,0,1,0,0,1,2,17,1,1651,1,198,31272,1
3.672,296,0.07,10,2,0,11,0,0,0,0,0,20,0,49,0,0,1,0,0,0,0,0,0,0,0,0,0,0,0,0,0,1,0,9,0,0,0,0,0,0,13,48,0,1,0,1,0,0,4,0,11,0,4,3,1,0,5,0,0,0,1,0,92,1,0,0,0,0,0,12,0,0,0,0,0,5,0,0,0,0,1,1,0,0,1,0,0,1,0,2,1,1,0,4,2,1,0,4,5,10,1,1675,2,128,31272,1
3.764,303,0.07,22,0,0,12,0,0,0,0,0,20,0,111,0,0,0,0,0,0,0,0,0,0,0,0,0,0,0,0,0,0,0,6,0,0,0,0,0,0,4,51,3,1,0,1,1,0,1,0,5,0,6,24,2,2,5,0,0,0,3,0,93,3,0,0,0,0,0,5,0,0,0,0,0,1,0,1,2,0,1,1,1,0,1,2,0,1,0,3,0,1,1,1,2,1,1,1,2,10,1,1698,4,142,31272,1
3.852,310,0.08,38,0,0,12,0,0,0,0,0,13,0,113,0,1,0,0,0,0,0,0,0,0,0,0,0,0,0,0,0,0,0,10,0,0,0,0,0,0,3,40,2,0,1,0,0,0,5,0,10,0,4,21,4,1,5,0,0,0,0,0,105,2,0,0,0,0,0,2,0,0,0,0,0,2,0,0,4,0,1,1,1,1,0,3,1,1,1,0,0,0,0,5,0,1,1,5,4,13,1,1808,5,198,31272,1
3.908,315,0.07,27,0,0,13,0,0,0,0,0,20,0,115,0,1,0,0,0,0,1,0,0,0,1,0,0,0,0,0,0,0,0,9,0,2,0,0,0,0,2,21,2,1,0,0,0,0,3,9,7,0,5,25,6,0,10,0,0,0,1,0,109,15,0,0,0,0,0,6,0,0,0,0,0,5,0,1,1,1,0,0,1,0,0,4,1,0,1,1,0,0,1,0,2,0,0,2,3,13,1,452,2,325,31272,1
3.971,321,0.07,49,0,0,12,0,0,0,0,0,17,0,86,0,0,0,0,2,0,0,0,0,0,0,0,0,0,0,0,0,0,0,7,0,3,0,0,0,0,0,60,3,1,1,0,0,0,3,7,0,0,5,15,0,1,9,0,0,0,0,0,265,11,0,0,0,0,0,7,0,0,0,0,0,5,0,1,2,1,1,2,0,1,1,0,0,1,1,3,0,1,0,1,1,0,0,3,1,19,0,1271,2,212,31272,1
4.043,328,0.08,75,0,0,10,0,0,0,0,0,19,0,119,0,0,0,0,0,0,0,0,0,0,0,0,0,0,0,0,0,0,0,10,0,5,0,0,0,0,3,52,4,1,0,0,1,0,1,0,12,0,6,17,6,2,3,0,0,0,0,0,130,13,0,0,0,0,0,3,0,0,0,0,0,5,0,0,1,0,1,1,1,0,0,0,0,0,0,3,0,1,0,1,1,0,0,4,5,12,0,1701,0,570,31272,1
4.185,338,0.07,94,0,0,7,1,0,0,0,0,17,0,104,0,1,0,0,0,0,0,1,0,0,0,0,0,0,0,0,0,0,0,7,0,5,0,0,0,0,4,39,5,1,1,0,0,0,0,8,2,0,8,19,6,2,8,0,0,0,0,0,274,3,0,0,0,0,0,9,0,0,0,0,0,3,0,0,3,0,1,2,1,1,1,0,0,1,0,4,0,0,0,3,2,0,0,3,0,20,1,1427,4,677,31272,1
4.272,344,0.08,42,0,0,10,0,0,0,0,0,12,0,99,0,0,0,0,0,0,0,1,0,0,0,2,0,0,0,0,0,0,0,5,0,4,0,0,0,0,0,35,4,1,1,0,0,0,3,3,10,0,11,21,0,0,7,0,0,0,0,0,154,14,0,0,0,0,0,11,0,0,0,0,0,5,0,1,4,1,0,1,0,0,0,1,1,0,0,2,0,0,0,1,0,1,0,4,0,14,1,658,5,741,31272,1
4.402,353,0.08,15,0,0,10,0,0,0,0,0,15,0,87,0,1,0,0,0,0,0,0,0,0,0,0,0,0,0,0,0,0,0,9,0,1,0,0,0,0,1,3,3,1,1,0,0,0,2,0,6,0,6,19,0,2,8,0,0,0,0,0,186,1,0,0,0,0,0,10,0,0,0,0,0,1,0,1,5,0,1,1,0,1,2,0,1,1,1,4,0,0,0,0,0,0,0,4,5,11,1,412,4,358,31272,1
4.479,359,0.06,10,0,0,10,0,0,0,0,0,10,0,82,0,0,0,0,0,0,0,0,0,0,0,0,0,0,0,0,0,0,0,9,0,2,0,0,0,0,5,10,15,0,1,0,2,0,1,0,3,0,8,22,0,1,16,0,0,0,0,0,120,16,0,0,0,0,0,2,0,0,0,0,0,4,0,0,0,0,0,2,1,1,1,4,0,0,1,0,1,1,0,0,0,0,0,2,4,6,0,521,5,410,31272,1
4.589,366,0.06,17,0,0,10,0,0,0,0,0,10,0,96,0,0,0,0,0,0,0,0,0,0,0,0,0,0,0,0,0,1,0,5,0,3,0,0,0,0,4,6,13,0,1,0,1,0,5,5,1,2,14,22,0,2,4,0,0,0,0,0,88,7,1,0,0,0,0,9,1,0,0,0,0,5,0,1,2,1,0,2,0,0,0,2,1,0,1,0,1,0,0,1,1,0,1,2,5,6,1,210,2,119,31272,1
4.67,371,0.07,21,0,0,7,0,0,0,0,0,12,0,92,0,1,0,0,0,0,0,0,0,0,0,0,0,0,0,0,0,1,0,5,0,5,0,0,0,0,3,8,14,0,0,0,0,0,3,8,9,0,8,25,0,0,15,0,0,0,0,0,32,30,0,0,0,0,0,14,0,0,0,0,0,2,0,1,0,1,1,1,0,0,1,4,0,0,0,1,0,0,0,4,0,0,0,2,4,5,1,185,1,321,31272,1
4.787,378,0.06,37,0,0,9,0,0,0,0,0,12,0,100,0,0,0,0,0,0,0,0,0,0,0,0,0,0,0,0,0,1,0,9,0,5,0,0,0,0,5,8,15,0,1,0,0,0,0,9,12,0,3,17,0,2,3,0,0,0,0,0,108,6,0,0,0,0,0,2,0,0,0,0,0,5,0,1,3,1,1,1,1,1,1,1,1,1,1,2,0,1,1,1,0,0,0,5,3,8,1,1522,5,236,31272,1
4.88,384,0.08,42,0,0,9,0,0,0,0,0,16,0,95,0,0,0,0,0,0,0,0,0,0,0,0,0,0,0,0,0,0,1,8,1,5,0,0,0,0,5,3,14,2,2,0,0,1,2,3,3,0,16,2,0,1,11,0,0,0,0,0,40,23,0,0,0,0,0,5,0,0,0,0,0,1,0,1,1,1,1,2,1,0,2,3,0,0,0,4,1,0,0,1,0,0,1,5,4,5,1,1178,1,412,31272,1
4.99,392,0.06,50,0,2,3,0,0,0,0,0,8,0,108,0,1,0,0,0,0,0,0,0,0,0,0,0,0,0,0,0,0,0,5,0,0,0,0,0,0,1,7,10,1,2,0,0,0,4,4,3,0,21,2,0,0,6,0,0,0,0,0,109,32,0,0,0,0,0,14,0,0,0,0,0,1,0,1,2,0,0,0,1,1,1,3,0,1,0,1,0,1,0,1,0,1,0,1,4,10,1,645,3,102,31272,1
5.117,400,0.07,20,0,1,1,0,0,0,0,0,1,0,98,0,1,0,0,0,0,0,0,0,0,0,2,0,0,0,0,0,0,0,5,0,0,0,0,0,0,0,12,12,2,1,0,0,0,2,3,10,0,5,7,0,0,2,0,0,0,0,0,89,29,0,0,0,0,0,8,0,0,0,0,0,0,0,1,3,0,1,2,1,0,0,1,1,0,0,3,1,0,0,4,1,1,1,4,4,5,1,1203,4,145,31272,1
5.276,410,0.07,37,0,2,3,0,0,0,0,0,2,0,105,0,1,0,0,0,0,0,0,0,1,0,0,0,0,0,0,0,0,0,2,0,0,0,0,0,0,2,15,5,2,1,0,0,0,0,7,0,0,12,0,0,0,6,0,0,0,0,0,59,30,0,0,0,0,0,4,0,0,0,0,0,0,0,0,1,0,1,1,0,0,0,4,0,0,0,5,1,0,1,1,2,0,0,3,5,7,1,1751,5,248,31272,1
5.344,414,0.06,36,0,4,1,0,0,0,0,0,3,0,85,0,1,0,0,0,0,0,0,0,0,0,0,0,0,0,0,0,0,0,5,0,0,0,0,0,0,0,13,3,0,0,0,0,0,0,3,8,0,10,1,0,2,1,0,0,0,0,0,75,30,0,0,0,0,0,10,0,0,0,0,0,2,0,0,4,0,1,2,1,0,1,2,0,1,1,0,0,1,0,2,1,1,1,3,4,6,0,1573,2,345,31272,1
5.415,419,0.06,41,0,5,3,0,0,0,0,0,3,1,62,0,0,0,0,0,0,0,0,0,0,1,0,0,0,0,0,0,0,1,3,1,0,0,0,0,0,3,5,4,0,1,0,0,0,0,6,4,0,10,6,0,1,13,0,0,0,0,0,169,19,0,0,0,0,0,14,0,0,0,0,0,2,0,1,5,1,1,2,0,1,0,0,0,1,1,2,1,1,0,3,0,0,0,2,0,6,0,1360,1,347,31272,1
5.486,424,0.09,28,0,0,3,0,0,0,0,0,4,0,94,0,1,0,0,0,0,0,0,0,0,0,0,0,0,0,0,0,0,0,0,0,0,0,0,0,0,3,14,4,0,2,0,0,0,0,5,5,0,11,7,0,1,6,0,0,0,0,0,138,6,0,0,0,0,0,13,0,0,0,0,0,2,0,0,2,1,0,2,0,0,2,4,1,1,0,2,1,1,0,2,0,0,1,3,1,9,1,245,5,214,31272,1
5.551,429,0.08,53,0,0,1,0,0,0,0,0,5,0,97,0,1,0,0,3,0,0,0,0,0,0,0,0,0,0,0,0,0,0,5,0,0,0,0,0,0,0,11,4,2,0,0,0,0,2,7,7,0,4,7,0,1,5,0,0,0,0,0,133,17,0,0,0,0,0,8,0,0,0,0,0,2,0,1,4,0,1,0,0,1,0,1,1,0,1,0,1,1,0,3,0,0,0,5,2,9,1,120,4,187,31272,1
5.662,436,0.07,48,0,0,4,0,0,0,0,1,0,0,75,0,1,0,0,0,0,0,0,0,0,0,1,0,0,0,0,0,0,0,2,0,0,0,0,0,0,5,15,1,0,0,0,0,0,2,0,6,0,1,5,2,1,14,0,0,0,0,0,159,20,0,0,0,0,0,3,0,0,0,0,0,0,0,0,5,1,1,2,0,1,2,5,1,1,0,3,0,0,1,1,0,1,0,4,1,10,0,345,4,117,31272,1
5.761,443,0.07,36,0,0,2,0,0,0,0,0,5,0,45,0,0,0,0,0,0,0,0,0,0,0,0,0,0,0,0,0,0,0,2,0,0,0,0,0,0,4,33,1,1,2,1,0,0,5,2,9,0,3,9,1,2,10,0,0,0,0,0,122,32,0,0,0,0,0,7,0,0,0,0,0,0,0,0,5,0,1,0,1,0,0,3,0,1,0,1,0,0,1,4,0,0,1,4,5,6,0,1265,5,186,31272,1
5.831,448,0.08,21,0,0,0,0,0,1,0,0,5,0,32,0,0,0,0,0,0,0,0,0,0,0,2,0,0,0,0,0,0,0,2,0,0,0,0,0,0,2,31,0,2,2,0,0,0,5,9,10,0,4,8,1,2,9,0,0,0,0,0,192,19,1,0,0,0,0,0,0,0,0,0,0,3,0,0,3,0,0,1,1,1,1,2,1,0,0,1,1,1,1,5,1,1,0,4,0,5,0,1440,1,104,31272,1
5.897,453,0.08,57,0,0,5,0,0,0,0,0,0,0,24,0,0,0,0,0,0,0,0,0,0,0,2,0,0,0,0,0,1,0,1,0,0,0,0,0,0,0,30,3,2,1,0,0,0,2,6,4,0,0,5,1,2,5,0,0,0,0,0,186,29,0,0,0,0,0,7,1,0,0,0,0,1,0,1,2,1,1,0,0,1,2,1,0,0,0,3,0,1,1,3,0,1,1,1,4,5,1,1712,2,117,31272,1
5.986,460,0.07,64,0,0,4,0,0,0,0,2,2,0,29,0,1,0,0,0,0,0,0,0,0,0,2,0,0,0,0,0,1,0,1,0,0,0,0,0,0,3,39,0,2,1,0,0,0,3,9,7,0,5,1,2,0,14,0,0,0,0,0,121,9,0,0,0,0,0,6,0,0,0,0,0,1,0,1,5,0,1,0,1,0,1,5,0,0,1,1,1,0,1,2,1,1,1,4,4,33,0,1827,2,120,31272,1
6.055,465,0.06,48,0,0,3,0,0,0,0,0,5,0,28,0,1,0,0,0,0,0,0,0,0,0,0,0,0,0,0,0,1,0,1,0,0,0,0,0,0,1,26,0,2,2,0,0,0,1,5,2,0,1,7,1,0,4,0,0,0,1,0,170,5,0,0,0,0,0,6,0,0,0,0,0,4,0,1,0,1,1,1,0,0,2,4,1,1,1,4,1,0,0,0,2,1,0,2,3,32,1,1255,0,367,31272,1
6.103,468,0.06,35,0,0,1,0,0,0,0,0,5,0,32,0,1,0,0,0,0,0,0,0,0,0,0,0,0,0,0,0,1,1,1,1,0,0,0,0,0,1,32,2,1,2,0,0,0,2,8,3,0,4,5,0,1,0,0,0,0,0,0,133,2,0,0,0,0,0,13,0,0,0,0,0,0,0,1,3,1,0,2,0,0,0,2,1,1,0,1,1,1,1,1,1,1,1,4,4,25,1,1408,5,410,31272,1
6.174,473,0.06,52,0,0,0,1,0,0,1,0,1,0,22,0,1,1,0,0,0,0,0,0,0,0,0,0,0,0,0,0,1,0,0,0,0,0,0,0,0,5,33,3,0,2,0,0,0,5,0,3,0,5,7,0,0,3,0,0,0,0,0,210,15,0,0,0,0,0,15,0,0,0,0,0,5,0,1,3,1,1,2,0,0,1,4,0,1,0,1,1,1,0,4,1,1,1,4,4,25,0,213,2,358,31272,1
6.231,477,0.06,69,0,0,2,0,2,0,0,0,0,0,29,0,0,1,0,3,0,0,0,0,0,0,0,0,0,0,0,0,1,0,1,0,0,0,0,0,0,5,36,1,2,0,0,0,0,1,12,11,0,0,8,1,0,3,0,0,0,0,0,174,27,0,0,0,0,0,4,0,0,0,0,0,4,0,0,4,0,0,1,1,1,1,0,1,0,1,2,0,0,1,5,2,0,1,5,5,38,0,1401,3,145,31272,1
6.285,481,0.1,54,0,0,1,0,0,0,1,0,4,0,27,0,1,0,0,2,0,0,0,0,0,0,0,0,0,0,0,0,0,0,0,0,0,0,0,0,0,3,39,1,0,0,0,1,0,1,23,2,0,4,9,0,2,1,0,0,0,0,0,144,24,0,0,0,0,0,8,0,0,0,0,0,3,0,0,0,0,0,1,1,0,0,1,0,0,1,4,0,0,0,1,0,0,1,4,1,19,0,1840,4,362,31272,1
6.323,484,0.08,48,0,0,3,0,0,0,0,0,0,0,21,0,1,0,0,1,0,0,0,0,0,0,0,0,0,0,0,0,1,0,0,0,0,0,0,1,0,4,23,3,0,0,0,0,0,5,18,11,0,1,1,0,1,4,0,0,0,0,0,208,21,0,0,0,0,0,4,0,0,0,0,0,2,0,1,0,1,0,2,0,1,0,1,0,0,0,2,0,0,1,3,0,0,1,4,0,28,0,415,2,402,31272,1
6.364,487,0.09,69,0,0,5,0,0,0,0,0,4,0,32,0,1,0,0,0,0,0,0,0,2,0,0,0,0,0,0,0,0,0,0,0,0,0,0,0,0,4,20,5,1,2,0,0,0,2,10,4,0,3,0,2,0,5,0,0,0,0,0,124,25,0,0,0,0,0,13,0,0,0,0,0,1,0,1,3,0,0,2,0,0,2,0,1,1,0,1,1,1,1,0,2,0,0,0,3,36,1,1657,4,385,31272,1
6.435,492,0.08,86,0,0,4,2,0,0,0,0,1,0,25,0,1,0,0,0,0,0,0,0,0,0,0,0,0,0,0,0,0,0,2,0,0,0,0,0,0,2,16,5,1,2,0,0,0,5,11,1,0,5,3,3,2,4,0,0,0,0,0,127,31,1,0,0,0,0,9,0,0,0,0,0,0,0,1,2,1,0,0,0,0,0,2,0,0,0,4,0,1,1,4,1,1,1,3,4,35,1,1738,2,161,31272,1
6.52,498,0.08,185,0,0,2,5,0,0,0,0,2,0,30,0,0,0,0,0,0,1,0,0,0,0,1,0,0,0,0,0,0,0,1,0,0,0,0,0,0,3,26,4,2,0,0,0,0,5,14,10,0,5,4,5,0,1,0,0,0,0,0,143,6,0,0,0,0,0,7,0,0,0,0,0,4,0,0,2,0,0,2,1,0,1,2,1,0,1,1,1,0,1,5,1,0,1,4,1,26,1,1646,1,210,31272,1
6.566,501,0.08,105,0,0,5,2,0,0,2,0,3,0,37,0,0,0,0,0,1,0,0,0,0,1,1,0,0,0,0,0,0,0,2,0,0,0,0,0,0,0,32,0,0,0,0,0,0,1,6,9,0,1,7,5,1,3,0,0,0,0,0,104,9,0,0,0,0,0,1,0,0,0,0,0,4,0,1,4,1,1,0,1,0,1,4,1,1,0,4,0,0,0,1,2,1,1,1,5,28,0,1333,0,321,31272,1
6.633,505,0.07,78,0,0,2,4,0,0,0,0,1,0,20,0,0,0,0,0,0,0,0,0,0,0,2,0,0,0,0,0,1,0,1,0,0,0,0,0,0,1,20,1,2,0,0,0,0,1,7,12,0,0,5,5,1,4,0,0,0,0,0,64,6,0,0,0,0,0,3,0,0,0,0,0,4,0,1,0,1,1,1,0,0,2,5,1,0,0,2,0,1,1,0,2,0,0,0,2,15,1,1622,2,145,31272,1
6.664,507,0.07,114,0,0,0,0,0,0,0,0,1,0,28,0,0,0,2,0,0,0,0,0,0,0,0,0,0,0,0,0,0,0,0,0,0,0,0,0,0,0,26,2,1,0,0,0,0,1,13,6,0,1,9,0,1,0,0,0,0,0,0,90,7,0,0,0,0,0,9,0,0,0,0,0,5,0,1,2,0,1,0,0,1,1,5,1,1,1,3,1,0,0,2,1,1,0,5,4,29,1,1472,1,211,31272,1
6.694,509,0.07,225,0,0,0,1,0,1,0,0,1,0,21,0,0,0,0,0,0,0,0,0,0,0,0,0,0,0,0,0,1,0,0,0,0,0,0,0,1,3,36,0,0,0,0,0,0,1,24,10,0,4,12,3,1,3,0,0,0,0,0,75,24,0,0,0,0,0,6,1,0,0,0,0,3,0,0,3,1,1,1,1,0,0,1,1,0,1,2,0,0,0,2,1,0,1,5,4,33,0,1789,0,305,31272,1
6.721,511,0.07,48,0,0,2,2,0,0,0,0,1,0,36,0,0,0,0,0,0,0,1,0,0,0,0,0,0,0,0,0,0,0,0,0,0,0,0,1,1,4,28,3,1,0,0,0,0,4,9,2,0,1,4,0,2,2,0,0,0,0,0,95,27,0,0,0,0,0,7,0,0,0,0,0,3,0,1,3,0,1,1,0,1,0,0,0,0,0,2,1,1,0,5,0,1,0,4,0,22,0,1255,0,215,31272,1
6.759,514,0.08,37,0,0,3,5,0,0,0,0,2,0,21,0,0,0,0,0,0,0,0,0,0,0,0,0,0,0,0,0,0,0,0,0,0,0,0,0,0,3,24,4,1,0,0,0,0,0,18,1,0,0,4,2,2,5,0,0,0,0,0,110,3,1,0,0,0,0,15,0,0,0,0,0,4,0,0,3,0,0,0,1,1,0,0,0,1,0,0,0,1,0,2,1,0,0,4,4,22,0,1536,5,188,31272,1
6.811,518,0.07,42,0,0,1,0,0,0,0,0,0,0,40,0,1,0,0,0,0,0,0,0,0,0,0,0,0,0,0,0,0,0,0,0,0,0,0,0,1,5,21,4,1,0,0,0,0,2,8,5,0,1,1,3,1,5,0,0,0,0,0,112,28,0,0,0,0,0,6,0,0,0,0,0,4,0,1,0,1,1,0,1,1,1,2,1,0,1,4,0,0,0,3,1,0,0,2,3,19,0,1598,4,214,31272,1
6.862,522,0.07,58,0,0,3,0,0,0,0,0,3,0,33,0,1,0,0,0,0,0,0,0,0,0,0,0,0,0,0,0,0,0,0,0,0,0,0,0,0,5,18,2,0,0,0,0,0,2,15,9,0,4,4,4,1,2,0,0,0,0,0,65,31,0,0,0,0,0,8,0,0,0,0,0,1,0,0,0,0,0,2,0,1,1,0,0,0,0,2,0,0,0,1,2,0,1,5,5,24,1,1824,0,147,31272,1
6.909,526,0.08,36,0,0,2,4,0,0,1,0,1,0,20,0,0,1,1,0,0,0,0,0,0,0,0,0,0,0,0,0,0,0,0,0,0,0,0,0,2,5,25,1,2,0,0,0,0,4,8,1,0,0,0,6,0,2,0,0,0,0,0,113,25,0,0,0,0,0,3,0,0,0,0,0,1,0,0,5,0,1,1,1,1,2,3,0,1,1,2,0,1,0,4,2,0,0,1,0,22,1,147,5,321,31272,1
6.945,529,0.08,24,0,0,3,5,0,0,0,0,3,0,20,0,1,0,2,0,0,0,0,0,0,0,0,0,0,0,0,0,0,0,0,0,0,0,0,0,0,2,20,4,1,0,0,0,0,5,6,6,0,0,5,3,1,1,0,0,0,0,0,57,24,0,0,0,0,0,0,0,0,0,0,0,5,0,0,1,1,1,0,1,0,1,0,0,1,1,5,1,0,1,5,1,0,0,3,1,36,1,325,3,245,31272,1
6.987,533,0.08,13,0,0,5,4,0,0,0,1,1,0,14,0,0,0,2,1,0,0,0,0,0,1,0,0,0,0,0,0,0,0,0,0,0,0,0,0,1,3,24,1,1,0,0,0,0,4,25,5,0,4,0,5,1,4,0,0,0,0,0,108,22,0,0,0,0,0,13,0,0,0,0,0,5,0,1,1,0,0,0,0,0,1,4,0,1,1,2,0,1,1,3,1,1,0,4,4,38,1,478,1,69,31272,1
7.02,536,0.08,22,0,0,5,5,0,0,0,0,4,0,20,0,0,0,0,0,0,0,0,0,0,0,0,0,0,0,0,0,0,0,0,0,0,0,0,0,2,4,6,1,1,0,0,0,0,0,7,11,0,0,0,5,1,4,0,0,0,0,0,128,13,0,0,0,0,0,9,0,0,0,0,0,5,0,1,3,0,1,2,1,0,1,3,0,1,0,4,1,0,1,1,0,0,0,3,5,64,1,589,0,105,31272,1
7.041,538,0.08,30,0,0,1,2,0,0,0,0,4,0,14,0,0,0,0,0,0,0,0,0,0,0,1,0,0,0,0,0,0,0,0,0,0,0,0,0,3,0,5,5,2,1,0,0,0,0,22,7,0,2,5,0,1,1,0,0,0,0,0,82,32,0,0,0,0,0,12,0,0,0,0,0,4,0,1,2,0,1,1,0,1,2,4,1,0,1,1,1,1,1,4,0,1,1,4,2,54,0,654,1,214,31272,1
7.062,540,0.08,45,0,0,0,0,0,1,0,0,1,0,10,1,1,0,0,0,0,0,0,0,0,0,0,0,0,0,0,0,0,0,0,0,2,0,0,0,2,4,10,1,2,0,0,0,1,5,15,2,1,1,5,0,0,2,0,0,0,0,0,116,11,0,0,0,1,0,1,0,0,0,0,0,5,0,1,2,1,0,0,1,1,2,1,1,1,0,3,1,1,1,5,1,0,0,4,2,58,0,471,0,321,31272,1
7.139,545,0.06,150,0,0,2,4,0,0,0,0,5,0,18,0,0,0,0,0,0,2,0,0,0,0,0,0,0,0,0,0,0,0,0,0,5,0,0,0,0,0,7,2,1,0,0,0,0,1,11,3,0,1,5,0,0,3,0,0,0,0,0,189,4,0,0,0,0,0,11,0,0,0,0,0,2,0,0,0,1,0,1,0,1,2,5,1,1,1,3,0,0,0,2,2,0,1,4,2,64,0,321,2,289,31272,1
7.173,547,0.07,54,0,0,4,3,0,0,0,0,5,0,13,0,1,0,0,0,0,0,0,0,0,0,0,0,0,0,0,0,0,0,0,0,4,0,0,0,1,1,5,2,1,0,0,0,0,2,8,9,0,4,0,0,0,5,0,0,0,0,0,137,24,0,0,0,0,0,6,1,0,0,0,0,0,0,1,1,1,1,1,0,0,2,0,0,0,1,4,1,0,1,0,1,1,0,3,2,42,1,159,3,396,31272,1
7.25,552,0.06,90,0,0,3,1,0,0,0,0,0,0,15,0,1,0,0,0,0,1,0,0,0,0,0,0,0,0,0,0,0,0,0,0,3,0,0,0,0,0,10,0,2,0,0,0,0,2,23,9,0,2,3,0,0,3,0,0,0,0,0,136,5,0,0,0,0,0,9,0,0,0,0,0,5,0,1,2,0,1,2,0,0,1,4,0,1,0,2,1,0,0,5,2,1,0,0,2,56,0,145,1,274,31272,1
7.284,554,0.07,78,0,0,3,3,0,0,0,0,2,0,12,0,1,0,0,0,0,0,1,0,0,0,0,0,0,0,0,0,0,0,0,0,4,0,0,2,0,3,9,3,1,0,0,0,0,0,25,6,0,2,0,0,1,4,0,0,0,0,0,126,0,0,0,0,0,0,10,0,0,0,0,0,4,0,1,4,0,1,0,1,0,2,3,0,0,1,3,1,1,1,0,0,0,0,4,5,33,1,278,5,289,31272,1
7.333,557,0.07,65,0,0,1,1,0,0,0,0,3,0,10,0,1,0,0,0,0,0,2,0,1,0,2,0,0,0,0,0,0,0,0,0,2,0,0,1,1,5,5,1,2,0,0,0,0,3,7,11,0,2,1,0,1,0,0,0,0,0,0,149,29,0,0,0,0,0,2,0,0,0,0,0,2,0,0,0,1,1,2,0,1,0,5,1,1,0,4,1,0,0,1,2,0,1,3,2,59,0,141,5,245,31272,1
7.365,559,0.07,58,0,0,3,0,0,0,0,0,2,0,14,0,1,0,0,0,0,0,1,0,0,0,2,0,0,0,0,0,0,0,0,0,0,0,0,2,1,2,6,4,1,0,0,0,0,3,6,8,0,3,4,0,0,10,0,0,0,0,0,236,3,0,0,0,0,0,15,0,0,0,0,0,3,0,0,2,0,0,2,1,0,2,1,0,1,0,5,1,0,1,1,0,0,1,0,0,54,1,568,5,361,31272,1
7.397,561,0.07,69,0,0,0,4,0,1,0,0,4,0,14,0,1,0,0,0,0,0,0,0,0,0,2,0,0,0,0,0,1,0,0,0,5,0,0,1,0,2,6,2,1,0,0,0,0,5,10,0,0,2,4,0,0,10,0,0,0,0,0,198,0,0,0,0,0,0,6,0,0,0,0,0,1,0,1,4,1,0,1,1,0,1,5,1,1,1,5,1,1,0,2,1,0,1,4,2,67,0,789,5,401,31272,1
7.428,563,0.07,52,0,0,2,2,0,0,0,0,1,0,20,0,1,1,0,0,0,0,0,0,0,0,2,0,0,0,0,0,0,0,0,0,2,0,0,0,0,1,9,1,2,0,0,0,0,0,16,12,0,5,3,0,2,2,0,0,0,0,0,244,5,0,0,0,0,0,12,0,0,0,0,0,3,0,1,5,1,1,1,0,0,1,4,0,1,0,2,0,1,1,3,0,1,0,0,4,56,0,958,5,185,31272,1
7.46,565,0.07,41,0,0,0,1,0,0,1,0,5,0,14,0,1,0,0,0,0,0,0,0,0,0,1,0,0,0,0,0,1,0,0,0,4,0,0,0,0,1,7,2,1,0,0,0,0,1,25,0,0,0,1,0,0,7,0,0,0,0,0,252,1,0,0,0,0,0,6,1,0,0,0,0,3,0,1,5,0,1,0,1,1,2,1,0,0,0,5,1,0,1,3,0,0,1,4,0,40,0,1005,4,127,31272,1
7.505,568,0.07,25,0,0,4,2,0,0,0,0,4,0,13,0,1,0,1,0,0,0,0,0,0,0,2,0,0,0,0,0,1,0,0,0,4,0,0,0,0,4,6,2,0,0,0,0,0,1,12,9,0,5,5,0,2,12,0,0,0,0,0,163,2,0,0,0,0,0,5,0,0,0,0,0,0,0,0,1,1,0,1,0,0,2,1,1,1,1,3,1,1,0,1,2,1,0,5,0,43,0,1355,2,185,31272,1
7.52,569,0.08,68,0,0,3,1,0,0,0,0,5,0,13,0,1,0,0,0,0,0,0,0,0,1,0,0,0,0,0,0,1,0,0,0,1,0,0,1,0,0,6,2,0,0,0,0,0,0,11,3,0,1,1,0,0,14,0,0,0,0,0,215,3,0,0,0,0,0,14,0,0,0,0,0,0,0,1,5,0,0,0,1,1,2,1,1,1,0,3,0,0,0,5,2,0,0,3,4,63,1,1442,3,199,31272,1
7.545,571,0.07,85,0,0,4,5,0,0,0,0,1,0,19,0,0,0,0,0,0,0,0,0,0,0,0,0,0,0,0,0,0,0,0,0,1,0,0,0,0,5,8,3,2,0,0,0,0,0,5,10,0,5,1,0,1,12,0,0,0,0,0,206,11,1,0,0,0,0,12,0,0,0,0,0,0,0,0,2,0,0,1,1,1,2,5,1,0,1,0,0,0,1,0,0,0,0,0,5,45,1,1666,3,214,31272,1
7.569,573,0.08,36,0,0,1,1,0,0,0,0,1,0,14,0,0,0,0,0,0,0,0,0,0,1,1,0,0,0,0,0,0,0,0,0,0,0,0,1,0,3,9,4,2,0,0,0,0,1,25,9,0,0,5,0,2,0,0,0,0,0,0,188,11,0,0,0,0,0,7,0,0,0,0,0,0,0,0,5,0,1,2,1,1,0,2,0,1,0,5,1,1,1,5,1,0,0,0,4,49,1,1541,2,321,31272,1
7.633,578,0.07,42,0,0,0,4,0,0,0,0,5,0,11,0,0,0,0,0,0,2,0,0,0,1,0,0,0,0,0,0,1,0,0,0,0,0,0,0,0,0,6,4,0,0,0,0,0,0,12,5,0,2,3,0,1,4,0,0,0,0,0,181,8,0,0,0,0,0,6,0,0,0,0,0,0,0,1,0,0,1,0,1,1,1,3,1,1,1,4,0,1,1,2,1,0,0,1,0,61,0,1700,4,105,31272,1
7.693,583,0.08,75,0,0,4,1,0,0,0,0,4,1,17,0,0,0,0,0,0,0,0,0,0,2,0,0,0,0,0,0,0,0,0,0,0,0,0,2,0,2,10,0,0,0,0,0,0,2,18,7,0,0,0,0,1,2,0,0,0,0,0,166,6,0,0,0,0,0,14,0,0,0,0,0,0,0,1,2,0,0,0,1,1,1,3,0,0,1,2,0,0,1,5,1,1,1,4,2,63,0,1397,5,141,31272,1
7.742,587,0.08,98,0,0,4,0,0,0,0,0,3,0,17,0,1,0,0,3,0,0,0,0,0,1,2,0,0,0,0,0,1,0,0,0,0,0,0,2,0,3,8,5,0,1,0,0,0,2,7,4,0,1,3,0,1,8,0,0,0,0,0,228,8,0,0,0,0,0,8,0,0,0,0,0,0,0,0,3,0,1,2,1,1,0,1,0,1,0,2,0,0,0,0,2,0,0,0,0,48,0,1247,3,263,31272,1
7.793,591,0.07,115,0,0,5,0,0,0,0,0,2,0,11,0,0,0,0,0,0,0,0,0,0,3,0,0,0,0,0,0,0,0,0,0,0,0,0,0,0,0,7,2,0,0,0,0,0,0,17,0,0,3,1,0,1,8,0,0,0,0,0,249,2,0,0,0,0,0,6,0,0,0,0,0,0,0,1,4,1,0,2,1,0,0,1,1,1,0,3,1,0,1,3,1,0,0,4,2,59,1,1377,0,258,31272,1
7.834,594,0.06,102,0,0,1,0,1,0,0,0,2,0,12,0,1,0,0,0,0,0,0,0,0,0,0,0,0,0,0,0,0,1,0,1,0,0,0,1,0,5,7,2,0,0,0,0,0,0,14,8,0,1,2,0,2,8,0,0,0,0,0,213,5,1,0,0,0,1,11,0,0,0,0,0,0,0,1,5,1,0,0,0,1,1,3,0,1,0,5,0,0,1,2,1,0,1,3,0,36,1,1713,2,172,31272,1
7.861,596,0.07,94,0,0,5,0,0,0,0,0,4,0,19,0,0,0,0,0,0,0,0,0,0,0,0,0,0,0,0,0,1,0,0,0,0,0,0,0,0,1,8,0,0,0,0,0,0,2,7,6,0,4,2,0,2,12,0,0,0,0,0,234,19,0,0,0,0,0,2,0,0,0,0,0,0,0,0,0,0,1,2,0,1,0,0,1,0,0,5,1,0,1,0,1,0,1,1,4,38,1,1464,3,101,31272,1
7.9,599,0.07,86,0,0,1,0,0,0,0,0,5,0,19,0,1,0,0,0,0,0,0,0,0,0,0,0,0,0,0,0,1,0,0,0,0,0,0,1,0,3,6,2,0,0,0,0,0,1,22,7,0,4,4,0,1,12,0,0,0,0,0,183,4,0,0,0,0,0,12,1,0,0,0,0,0,0,1,2,0,0,1,1,1,2,1,0,0,0,3,1,0,1,5,2,1,0,4,2,64,0,1212,2,99,31272,1
7.945,602,0.07,75,0,0,3,0,0,0,0,0,5,0,13,0,1,0,0,0,0,0,0,0,0,0,0,0,0,0,0,0,0,0,0,0,0,0,0,1,0,4,9,1,0,0,0,0,0,0,9,8,0,3,0,0,2,4,0,0,0,0,0,175,11,0,0,0,0,0,9,0,0,0,0,0,0,0,1,4,0,0,1,1,0,2,2,0,1,1,3,0,1,0,0,2,1,1,3,3,58,0,1535,3,121,31272,1
8.026,607,0.07,58,0,0,5,0,0,0,1,0,1,0,16,0,0,0,0,0,0,0,0,0,0,2,0,0,0,0,0,0,1,0,0,0,1,0,0,0,0,4,9,2,0,0,1,0,0,1,17,3,0,3,5,0,2,4,0,0,0,0,0,287,12,0,0,0,0,0,2,0,0,0,0,0,0,0,0,1,1,1,2,1,0,2,0,0,1,1,2,1,1,0,5,2,0,1,5,5,38,0,785,2,201,31272,1
8.107,612,0.07,36,0,0,4,0,0,0,0,0,5,0,20,0,0,0,0,0,0,0,0,0,0,0,0,0,0,0,0,0,1,0,0,0,2,0,0,0,0,0,8,2,0,0,0,1,0,2,16,6,0,5,0,0,2,5,0,0,0,0,0,393,18,0,0,0,0,0,1,0,0,0,0,0,0,0,0,4,0,1,0,1,1,2,0,1,0,0,3,1,0,0,2,1,1,0,2,3,48,0,845,1,186,31272,1
8.14,614,0.06,40,0,0,2,0,0,0,0,0,5,0,12,0,0,0,0,0,0,0,0,0,0,0,0,0,0,0,0,0,0,0,0,0,4,0,0,0,0,1,7,4,0,0,0,0,0,1,9,7,0,1,3,0,0,13,0,0,0,0,0,208,3,0,0,0,0,0,5,0,0,0,0,0,0,0,1,0,1,1,1,1,0,0,5,1,1,1,5,0,0,0,0,2,0,1,5,5,39,1,897,2,193,31272,1
8.187,617,0.06,78,0,0,1,0,0,0,0,0,5,0,14,1,0,0,0,0,0,1,0,0,0,0,0,0,0,0,0,0,1,0,0,0,3,0,0,0,0,1,8,4,0,0,0,0,0,2,14,4,0,0,3,3,1,6,0,0,0,0,0,234,11,0,0,0,0,0,11,2,0,0,0,0,0,0,0,0,0,0,1,0,1,1,5,0,0,1,3,1,0,1,1,1,1,1,3,1,43,1,975,1,115,31272,1
8.229,620,0.07,74,0,0,5,0,0,0,0,0,2,0,10,0,1,0,0,0,0,1,0,0,0,0,0,0,0,0,0,0,1,0,0,0,3,0,0,0,0,0,9,4,0,0,0,0,1,2,10,1,0,5,4,1,1,9,0,0,0,0,0,266,4,0,0,0,0,0,12,0,0,0,0,0,0,0,0,2,1,1,1,0,1,2,4,1,1,1,1,1,1,0,3,0,0,1,5,4,68,1,1532,5,185,31272,1
8.273,623,0.07,145,0,0,0,0,0,0,0,0,2,0,12,0,0,0,0,0,0,0,0,0,0,0,0,0,0,0,0,0,0,0,0,0,5,0,0,0,0,1,5,3,0,0,0,0,0,2,8,7,0,4,0,5,0,6,0,0,0,0,0,253,14,0,0,0,0,0,10,0,0,0,0,0,0,0,1,4,0,0,1,1,1,1,1,0,0,1,3,1,1,0,3,1,1,1,3,5,41,0,1816,0,214,31272,1
8.289,624,0.08,94,0,0,4,0,0,0,0,0,4,0,11,0,0,0,0,0,0,0,0,0,0,0,0,0,0,0,0,0,1,0,1,0,2,0,0,0,0,4,9,4,0,0,0,0,0,0,7,7,0,3,4,4,2,13,0,0,0,0,0,372,12,0,0,0,0,0,1,0,0,0,0,0,0,0,0,5,1,1,2,0,1,2,1,0,1,1,5,0,1,1,2,2,0,0,1,0,67,0,1614,2,214,31272,1
8.347,628,0.08,75,0,1,1,0,0,0,0,0,0,0,17,0,1,0,2,0,0,0,0,0,0,0,0,0,0,0,0,0,1,0,2,0,1,0,0,0,0,2,8,3,0,0,0,0,0,1,2,3,0,5,2,4,1,13,0,0,0,0,0,220,11,0,0,0,0,0,6,0,0,0,0,0,0,0,1,0,0,1,0,1,1,2,2,0,1,1,2,0,1,0,5,1,0,0,3,1,64,1,882,4,198,31272,1
8.39,631,0.06,68,0,0,1,0,0,0,0,0,0,0,14,0,1,0,0,0,0,0,0,0,0,0,0,0,0,0,0,0,0,0,1,0,4,0,0,0,0,5,5,5,0,0,0,0,0,0,5,2,0,1,3,4,0,13,0,0,0,0,0,329,13,0,0,0,0,0,11,0,0,0,0,0,0,0,0,2,0,0,1,1,0,2,4,0,0,0,5,1,1,1,5,0,0,0,0,2,52,1,473,5,225,31272,1
8.462,635,0.05,119,0,0,3,0,0,0,1,0,3,0,13,0,1,0,0,0,0,0,0,0,0,0,0,0,0,0,0,0,1,0,2,0,1,0,0,0,0,5,7,2,0,0,0,0,0,1,13,8,0,3,1,1,1,13,0,0,0,0,0,233,2,0,0,0,0,0,14,1,0,0,0,0,0,0,1,4,1,1,0,0,0,2,2,1,1,1,5,0,1,1,4,2,1,1,0,0,47,0,555,5,230,31272,1
8.517,638,0.06,23,0,0,4,0,0,0,0,0,5,0,20,0,1,0,0,1,0,0,0,1,0,0,0,0,0,0,0,0,0,1,3,1,0,0,0,0,0,0,11,3,0,0,0,0,0,0,8,6,0,0,3,6,0,12,0,0,0,0,0,392,15,0,0,0,0,0,1,0,0,0,0,0,0,0,0,0,1,1,0,1,0,1,3,1,0,1,5,0,1,0,1,0,1,0,3,2,60,0,800,2,185,31272,1
8.576,641,0.06,25,0,0,3,0,0,0,0,0,4,0,11,0,0,0,0,0,0,0,0,0,0,0,0,0,0,0,0,0,1,0,2,0,4,0,0,0,0,1,10,2,0,0,0,1,0,2,24,1,0,5,2,4,0,12,0,0,0,0,0,325,14,0,0,0,0,0,2,0,0,0,0,0,0,0,1,5,1,0,1,0,1,1,5,1,0,1,2,1,0,1,0,0,0,0,3,3,33,0,506,5,198,31272,1
8.633,644,0.06,37,0,0,5,0,0,0,0,0,5,0,16,0,0,0,0,0,0,0,0,1,0,1,0,0,0,0,0,0,0,0,2,0,0,0,0,0,0,2,14,3,0,0,0,0,0,1,12,5,0,5,0,1,0,13,0,0,0,0,0,382,9,0,0,0,0,0,4,0,0,0,0,0,0,0,0,5,0,0,0,1,1,1,4,1,0,1,1,0,1,1,4,0,1,0,4,5,44,1,958,5,185,31272,1
8.73,649,0.06,48,0,0,2,0,0,0,0,0,3,0,16,0,1,0,0,0,0,0,0,0,1,0,0,0,0,0,0,0,0,0,2,0,0,0,0,0,0,1,9,4,0,0,0,1,0,2,24,5,0,4,3,2,1,12,0,0,0,0,0,340,17,0,0,0,0,0,0,0,0,0,0,0,0,0,1,0,0,0,2,0,0,1,5,0,1,1,2,1,1,0,4,0,0,0,0,2,51,0,1679,5,103,31272,1
8.812,653,0.06,103,0,0,5,0,0,0,0,0,0,0,20,0,1,0,0,0,0,0,0,0,0,0,0,0,0,0,0,0,0,0,1,0,0,0,0,0,0,2,15,3,0,1,0,1,0,0,9,6,0,2,0,5,2,14,0,0,0,0,0,333,3,0,0,0,0,0,0,0,0,0,0,0,0,0,0,0,1,1,1,1,1,2,0,0,0,0,2,0,0,1,0,0,1,1,1,3,64,0,1438,3,125,31272,1
8.866,656,0.05,75,0,0,0,0,0,0,0,0,1,0,12,0,1,0,0,0,0,0,0,1,0,0,0,0,0,0,0,0,1,0,1,0,0,0,0,0,0,4,8,3,0,0,0,1,0,1,6,5,0,0,4,6,2,12,0,0,0,0,0,426,11,0,0,0,0,0,1,0,0,0,0,0,0,0,0,2,0,1,0,1,1,1,3,1,0,1,4,0,1,0,4,0,1,0,4,2,45,0,1779,0,184,31272,1
8.952,661,0.08,97,0,0,1,0,0,0,0,0,5,0,15,0,0,0,0,0,0,0,1,0,0,0,0,0,0,0,0,0,0,0,1,0,0,0,0,0,0,1,13,0,0,0,0,0,0,0,19,8,0,4,5,2,1,10,0,0,0,0,0,438,11,0,0,0,0,0,2,1,0,0,0,0,0,0,0,4,0,1,2,0,0,0,2,0,0,1,0,1,0,1,0,1,1,1,2,0,64,1,1815,2,160,31272,1
8.993,664,0.07,65,0,0,3,0,0,0,0,0,1,0,20,0,1,0,0,0,0,2,0,0,0,0,0,0,0,0,0,0,0,0,1,0,0,0,0,0,0,1,18,4,0,0,0,1,0,0,12,0,0,4,4,5,1,11,0,0,0,0,0,335,13,0,0,0,0,0,3,0,0,0,0,0,0,0,1,1,1,1,2,0,0,2,2,0,1,1,2,1,1,1,5,1,0,1,1,5,63,1,1650,3,170,31272,1
9.021,666,0.07,50,0,0,2,0,0,0,0,0,3,0,18,0,0,0,0,0,1,0,0,1,0,0,0,0,0,0,0,0,1,0,1,0,0,0,0,0,0,1,9,3,0,0,0,0,0,0,6,3,0,4,5,3,2,10,0,0,0,0,0,472,4,0,0,0,0,0,3,0,0,0,0,0,0,0,1,3,0,0,1,0,1,1,4,0,0,0,5,0,0,0,2,2,1,0,4,1,35,1,1604,2,148,31272,1
9.077,670,0.06,73,0,0,1,0,0,0,0,0,3,0,13,0,0,0,0,0,1,0,0,2,0,0,0,0,0,0,0,0,0,0,2,0,0,0,0,0,0,4,16,5,0,0,0,0,0,2,23,8,0,3,0,5,1,15,0,0,0,0,0,349,4,0,0,0,0,0,4,0,0,0,0,0,0,0,1,3,1,1,0,1,0,1,0,0,0,1,5,1,1,1,1,0,1,1,3,3,44,1,1291,1,165,31272,1
9.12,673,0.08,36,0,0,2,0,0,0,0,0,3,0,18,0,1,0,0,0,2,0,0,1,0,0,0,0,0,0,0,0,0,0,1,0,2,0,0,0,0,1,19,2,0,0,0,0,0,0,7,4,0,0,1,6,1,13,0,0,0,0,0,310,9,0,0,0,0,0,3,0,0,0,0,0,0,0,1,5,0,0,1,1,1,0,3,0,1,1,5,1,1,1,5,2,1,1,0,5,79,1,1555,4,178,31272,1
9.149,675,0.06,105,0,2,5,0,0,0,0,0,4,0,11,0,1,0,0,0,1,0,0,2,0,0,0,0,0,0,0,0,0,0,2,0,1,0,0,0,0,3,5,1,0,0,0,0,0,0,17,5,0,4,1,6,0,11,0,0,0,0,0,341,0,0,0,0,0,0,3,1,0,0,0,0,0,0,0,0,1,1,1,1,1,0,2,0,1,1,0,1,1,0,5,0,0,1,2,5,44,0,1429,2,236,31272,1
9.195,678,0.06,33,0,0,2,0,0,0,0,0,2,0,16,1,1,0,0,0,1,0,0,0,0,0,0,0,0,0,0,0,1,0,1,0,4,0,0,0,0,4,10,4,0,0,0,0,0,2,21,2,1,5,2,0,1,10,0,0,0,0,0,308,16,0,0,0,0,1,5,0,0,0,0,0,0,0,1,2,1,0,0,0,1,2,0,1,0,0,5,0,1,1,5,0,1,0,3,0,44,1,1194,0,112,31272,1
9.243,681,0.06,58,0,0,3,0,1,0,0,0,2,0,14,0,1,0,0,0,1,1,0,0,0,0,0,0,0,0,0,0,1,0,2,0,3,0,0,0,0,5,8,1,0,0,0,0,0,2,17,8,0,3,4,4,2,12,0,0,0,0,0,467,5,0,0,0,0,0,1,1,0,0,0,0,0,0,1,2,0,0,2,1,0,1,3,1,1,0,1,0,1,0,5,2,0,1,4,3,83,1,1325,5,159,31272,1
9.329,686,0.06,29,0,0,0,0,0,0,0,0,0,0,48,0,1,0,0,0,1,0,0,0,0,0,0,0,0,0,0,0,0,0,0,0,4,0,0,1,0,3,17,0,0,0,0,0,0,0,24,0,0,3,1,0,1,12,0,0,0,0,0,343,3,0,0,0,0,0,2,0,0,0,0,0,0,0,0,0,0,1,2,0,1,1,0,1,0,0,1,0,1,1,1,2,0,1,2,0,83,1,1845,1,100,31272,1
9.377,689,0.07,93,0,0,3,0,0,0,0,0,1,0,44,0,0,0,0,0,1,0,1,0,0,2,0,0,0,0,0,0,1,0,0,0,2,0,0,1,0,5,10,0,0,0,0,0,0,2,13,3,0,0,5,6,1,12,0,0,0,0,0,471,13,0,0,0,0,0,3,1,0,0,0,0,0,0,0,0,0,0,1,1,0,0,3,0,1,0,0,1,1,0,3,0,0,1,5,1,65,0,1507,4,175,31272,1
9.415,692,0.07,82,0,0,0,0,0,0,0,0,5,0,34,0,0,0,0,0,1,0,0,0,0,0,0,0,0,0,0,0,0,0,0,0,3,0,0,0,0,4,9,4,0,2,0,1,0,2,12,5,0,1,5,0,1,12,0,0,0,0,0,296,13,0,0,0,0,0,3,0,0,0,0,0,0,0,1,1,0,0,2,1,0,1,2,0,0,1,3,0,1,1,0,2,0,0,5,3,43,1,1361,1,189,31272,1
9.464,696,0.07,85,0,0,3,0,0,0,0,0,3,0,36,0,0,0,0,3,1,0,0,0,0,0,0,0,0,0,0,0,0,0,0,0,3,0,0,1,0,0,7,1,0,0,0,0,0,2,17,7,0,2,5,0,0,14,0,0,0,0,0,445,14,0,0,0,0,0,4,0,0,0,0,0,0,0,0,0,0,0,0,0,0,1,1,1,0,1,2,1,1,1,1,1,0,1,0,5,60,1,1765,4,210,31272,1
9.512,700,0.07,98,0,0,4,0,0,0,0,0,4,0,49,0,0,0,0,0,2,0,0,0,0,0,0,0,0,0,0,0,1,0,0,0,4,0,0,0,0,0,12,4,0,0,0,0,0,1,8,2,0,2,4,1,0,14,0,0,0,0,0,387,2,0,0,0,0,0,4,0,0,0,0,0,0,0,0,4,1,1,2,1,0,0,3,0,0,1,1,0,0,0,1,1,0,0,0,0,91,1,1469,0,270,31272,1
9.561,704,0.06,107,0,0,2,0,0,0,0,0,3,0,30,0,0,0,0,0,1,0,0,0,2,0,0,0,0,0,0,0,0,0,0,0,3,0,0,1,0,4,0,5,0,0,0,0,0,0,15,7,0,5,1,1,0,12,0,0,0,0,0,344,17,0,0,0,0,0,5,0,0,0,0,0,0,0,1,5,1,1,1,0,1,1,2,1,1,0,1,1,1,0,2,2,0,1,0,5,118,0,1002,5,294,31272,1
9.589,706,0.07,89,0,0,4,0,0,0,0,0,1,0,44,0,0,0,0,0,2,0,0,0,0,0,0,0,0,0,0,0,0,0,0,0,2,0,0,2,0,4,3,5,0,0,0,0,0,0,22,1,0,2,2,2,2,12,0,0,0,0,0,377,16,0,0,0,0,0,0,2,0,0,0,0,0,0,0,5,1,1,0,1,0,0,4,0,0,0,5,0,0,1,2,1,0,0,1,1,111,0,1002,5,188,31272,1
9.63,709,0.07,68,0,0,5,0,0,0,0,0,1,0,36,0,1,0,0,0,0,0,0,0,0,0,0,0,0,0,0,0,0,0,0,0,2,0,0,3,0,1,9,10,0,0,0,0,0,1,22,1,0,2,1,6,1,13,0,0,0,0,0,299,18,0,0,0,0,0,2,1,0,0,0,0,0,0,1,2,0,0,2,0,1,0,4,0,0,0,2,1,1,0,0,1,0,1,2,5,115,1,958,4,214,31272,1
9.666,712,0.06,86,0,0,3,0,0,0,0,0,5,1,36,0,1,0,0,0,1,0,0,0,0,0,0,0,0,0,0,0,0,0,0,0,2,0,0,1,0,1,4,2,0,0,0,0,0,1,19,1,0,4,4,5,2,15,0,0,0,0,0,298,0,0,0,0,0,0,1,0,0,0,0,0,0,0,0,4,0,1,2,1,0,1,3,0,1,0,1,1,1,0,4,2,0,0,2,0,88,0,949,4,236,31272,1
9.723,717,0.06,75,0,0,3,0,0,0,0,0,4,0,36,0,0,0,0,0,1,2,0,0,0,0,0,0,0,0,0,0,0,0,0,0,1,0,0,2,0,3,10,5,0,0,0,0,0,2,10,8,0,0,2,2,2,11,0,0,0,0,0,291,9,0,0,0,0,0,1,1,0,0,0,0,0,0,1,3,0,0,1,1,0,1,0,0,1,0,3,1,0,1,3,0,1,0,4,1,75,0,943,4,300,31272,1
9.746,719,0.06,198,0,0,6,0,0,0,0,0,2,0,37,0,1,0,0,0,1,0,0,0,0,0,0,0,0,0,0,0,0,0,0,0,5,0,0,1,0,2,0,8,0,0,0,0,0,2,6,7,0,4,3,4,0,15,0,0,0,0,0,141,0,0,0,0,0,0,0,0,0,0,0,0,0,0,1,2,1,1,2,1,1,2,3,0,1,1,3,0,0,0,1,0,1,0,4,5,114,1,861,2,328,31272,1
9.757,720,0.08,58,0,0,6,0,0,0,0,0,4,0,50,0,1,0,0,0,1,1,1,0,0,0,0,0,0,0,0,0,0,0,0,0,0,0,0,2,0,1,10,6,0,0,0,0,0,0,2,7,0,1,1,0,2,11,0,0,0,0,0,161,17,0,0,0,0,0,1,0,0,0,0,0,0,0,1,1,0,1,0,0,0,1,1,0,0,1,5,0,1,0,1,0,0,1,0,5,122,0,972,2,354,31272,1
9.823,728,0.09,78,0,0,0,0,0,0,0,0,0,0,50,0,1,0,1,0,1,1,2,0,0,0,0,0,0,0,0,0,0,0,0,0,0,0,0,2,0,4,5,1,0,0,0,0,0,0,11,6,0,7,8,3,2,15,0,0,0,0,0,189,19,0,0,0,0,0,2,0,0,0,0,0,0,0,1,3,1,1,0,0,0,1,3,0,1,0,1,0,0,1,4,1,1,1,3,5,85,1,896,4,148,31272,1
9.872,734,0.1,45,0,0,4,0,0,0,1,0,4,0,38,0,0,0,0,0,1,2,0,0,0,0,0,0,0,0,0,0,0,0,0,0,0,0,0,1,0,1,2,8,0,0,0,0,0,1,9,7,0,19,8,1,1,21,0,0,0,0,0,125,8,1,0,0,0,0,1,0,0,0,0,0,0,0,1,4,0,1,2,1,1,2,4,1,1,0,5,1,0,1,4,2,1,1,0,1,101,1,980,1,321,31272,1
9.923,740,0.09,100,0,0,3,0,0,0,0,0,4,0,35,0,1,0,0,0,1,1,0,0,0,0,0,0,0,0,0,0,0,0,0,0,0,0,0,0,0,3,6,7,0,0,0,0,0,0,9,0,0,18,20,6,0,18,0,0,0,0,0,132,6,0,0,0,0,0,3,0,0,0,0,0,0,0,0,4,1,1,1,1,0,1,5,1,0,1,0,0,0,0,3,2,0,1,5,4,103,1,1026,5,214,31272,1
9.965,746,0.09,31,0,0,2,0,0,0,0,0,5,0,50,0,0,0,0,0,1,2,0,0,0,1,0,0,0,0,0,0,0,0,1,0,0,0,0,0,0,0,10,9,0,0,0,0,0,3,4,8,1,15,5,4,0,22,0,0,0,0,0,193,17,0,0,0,0,0,4,0,0,0,0,0,0,0,0,2,0,0,1,1,0,0,4,0,1,0,3,0,0,0,1,0,0,0,1,1,130,1,897,3,100,31272,1
10.013,752,0.09,54,0,0,4,0,0,0,0,0,2,0,44,0,0,0,0,0,2,1,0,0,0,0,0,0,0,0,0,0,0,0,0,0,0,0,0,0,0,4,10,5,0,0,0,1,0,1,4,8,0,1,10,0,0,22,0,0,0,0,0,204,21,0,0,0,0,0,0,1,0,0,0,0,0,0,0,3,0,1,0,0,1,0,0,1,1,0,4,1,1,0,0,0,0,1,2,3,121,0,880,1,98,31272,1
10.06,757,0.1,67,0,0,0,0,0,0,0,0,3,0,39,0,0,0,0,0,1,0,0,0,0,0,0,0,0,0,0,0,0,0,0,0,2,0,0,0,0,0,9,0,0,0,0,0,0,5,3,6,0,7,13,6,2,23,0,0,0,0,0,207,7,0,0,0,0,1,0,0,0,0,0,0,0,0,0,4,0,0,0,0,0,0,1,0,1,1,3,1,1,0,3,1,0,1,3,4,118,0,1016,2,104,31272,1
10.106,762,0.09,94,0,2,0,0,0,0,0,0,3,0,47,1,0,0,0,0,2,0,0,0,0,0,0,0,0,0,0,0,0,0,0,0,1,0,0,0,0,3,0,8,0,1,0,0,0,2,1,1,0,4,8,3,0,21,0,0,0,0,0,354,15,0,0,0,0,0,0,0,0,0,0,0,0,0,1,3,0,0,2,1,0,0,4,1,1,1,3,0,1,0,0,0,0,1,5,2,102,0,1681,5,115,31272,1
10.151,767,0.08,98,0,0,1,0,0,0,0,0,4,0,30,0,1,0,0,0,1,0,0,0,0,0,0,0,0,0,0,0,0,0,0,0,0,0,0,0,0,5,8,9,0,0,0,0,0,2,13,8,0,13,9,5,1,22,0,0,0,0,0,258,18,0,0,0,0,0,1,0,0,0,0,0,0,0,1,4,1,0,0,1,1,1,0,1,1,0,1,0,1,1,2,1,0,0,0,1,99,1,1369,1,203,31272,1
10.22,775,0.08,114,0,0,3,0,0,0,0,0,2,0,30,0,0,0,0,2,1,0,0,0,0,0,0,0,0,0,0,0,0,0,0,0,5,0,0,0,0,5,6,7,0,0,0,0,0,5,3,4,0,12,4,5,1,23,0,0,0,0,0,444,16,0,0,0,0,0,3,0,0,0,0,0,0,0,0,0,1,0,2,0,0,2,5,1,0,0,5,1,0,1,0,2,1,1,5,1,95,0,1383,4,175,31272,1
10.288,783,0.11,51,0,0,1,0,0,0,0,0,5,0,41,0,0,0,0,1,2,0,0,0,0,0,0,0,0,0,0,0,0,0,0,0,5,0,0,0,0,3,2,9,0,0,0,0,2,0,14,7,0,30,15,0,0,19,0,0,0,0,0,234,20,0,0,0,0,0,5,0,0,0,0,0,0,0,0,4,0,0,1,0,0,2,3,1,1,0,4,1,1,0,2,0,0,1,3,2,140,1,1204,4,152,31272,1
10.31,786,0.1,70,0,0,2,0,0,2,0,0,5,0,38,0,1,0,0,0,0,0,0,0,0,0,0,0,0,0,0,0,0,0,0,0,2,0,0,0,0,2,4,10,0,0,1,0,0,0,15,2,0,17,19,5,1,23,0,0,0,0,0,455,16,0,0,0,0,0,2,0,0,0,0,0,0,0,1,0,1,1,1,1,0,0,3,0,0,1,1,0,0,0,4,0,0,0,0,0,107,0,1256,0,158,31272,1
10.327,788,0.1,72,0,0,3,0,0,0,0,0,2,0,38,0,1,0,0,0,0,1,0,0,1,0,0,0,0,0,0,0,0,0,0,0,2,0,0,0,0,3,8,3,0,0,0,0,0,0,9,3,0,22,3,0,2,21,0,0,0,0,0,152,11,0,0,0,0,0,5,0,0,0,0,0,0,0,0,2,0,1,2,1,1,2,3,1,0,1,5,0,0,0,4,1,0,0,1,5,79,0,1244,0,184,31272,1
10.369,793,0.11,102,0,0,0,0,0,0,0,0,2,0,45,0,0,1,0,0,0,0,0,0,0,0,0,0,0,0,0,0,0,0,0,0,3,0,0,0,0,4,6,7,0,0,0,0,0,0,9,7,0,41,9,0,0,22,0,0,0,0,0,201,20,0,0,0,0,0,5,0,0,0,0,0,0,0,1,5,0,1,0,1,1,1,1,1,1,1,4,1,1,1,2,2,1,0,3,1,71,0,1571,0,168,31272,1
10.385,795,0.09,28,0,0,0,0,0,0,0,0,5,0,44,0,1,0,0,0,0,0,0,0,0,0,0,0,0,0,0,0,0,0,0,0,2,0,0,0,0,5,4,4,0,0,0,0,0,0,0,3,0,44,14,1,0,18,0,0,0,0,0,301,9,1,0,0,0,0,0,0,0,0,0,0,0,0,0,1,1,1,0,1,0,2,5,0,0,0,5,1,0,1,3,0,1,1,1,5,48,0,1188,2,114,31272,1
10.409,798,0.1,24,0,0,5,0,0,0,0,0,3,0,43,0,1,0,0,0,0,2,0,0,0,2,0,0,0,0,0,0,0,0,0,0,3,0,0,0,0,1,8,7,0,0,0,0,0,0,0,4,0,15,14,0,1,19,0,0,0,0,0,441,15,0,0,0,0,0,1,2,0,0,0,0,0,0,1,1,0,1,1,1,1,1,5,1,1,0,3,1,1,0,1,0,0,0,4,2,50,1,1471,5,101,31272,1
10.457,804,0.1,60,0,0,3,0,0,0,0,0,0,0,42,0,0,0,0,0,0,0,2,0,0,0,0,0,0,0,0,0,0,0,0,0,1,0,0,0,0,2,0,4,0,0,0,0,0,0,0,3,0,16,20,4,1,16,0,0,0,0,0,382,14,0,0,0,0,0,5,1,0,0,0,0,0,0,1,0,1,0,0,1,0,1,2,1,0,0,0,1,0,1,1,2,0,0,5,2,31,0,1178,5,196,31272,1
10.505,810,0.14,8,0,0,2,0,0,0,0,0,5,0,32,0,1,1,0,0,0,0,1,0,0,0,0,0,0,0,0,0,0,0,0,0,3,0,0,0,0,2,1,3,0,0,0,0,0,0,4,1,0,45,18,2,1,20,0,0,0,0,0,205,18,0,0,0,0,0,2,0,0,0,0,0,0,0,0,3,1,1,0,0,0,0,3,1,1,1,0,1,0,1,3,2,1,0,1,4,58,0,1207,5,200,31272,1
10.521,812,0.25,96,0,0,0,0,0,0,0,0,5,0,34,0,1,0,0,0,0,0,0,0,0,0,0,0,0,0,0,0,0,0,0,0,0,0,0,0,0,0,4,2,0,0,0,0,0,0,13,7,0,40,19,5,0,19,0,0,0,0,0,244,20,0,0,0,0,0,1,0,0,0,0,0,0,0,1,2,0,0,2,0,0,0,4,1,0,1,2,0,0,0,3,0,1,1,1,5,69,0,1425,2,214,31272,1
10.546,815,0.17,87,0,0,3,0,0,0,0,0,1,1,42,0,0,0,0,0,0,0,0,0,0,0,0,0,0,0,0,0,0,0,0,0,4,0,0,0,0,4,5,1,0,0,0,0,0,0,2,5,1,45,13,5,0,19,0,0,0,0,0,275,12,0,0,0,0,0,3,0,0,0,0,0,0,0,1,1,1,0,1,0,0,2,5,0,1,1,0,1,0,1,1,0,0,0,4,2,45,0,1660,2,259,31272,1
10.569,818,0.14,121,0,0,5,0,0,0,0,0,3,0,39,1,0,0,0,0,0,0,0,0,0,0,0,0,0,0,0,0,0,0,0,0,0,0,0,0,0,2,15,1,0,2,0,0,0,0,1,0,0,35,4,1,1,22,0,0,0,0,0,427,19,0,0,0,0,0,2,0,0,0,0,0,0,0,1,3,0,0,1,0,1,1,0,0,0,0,3,1,1,0,1,2,0,1,3,1,62,0,1183,5,321,31272,1
10.606,823,0.14,124,0,0,4,0,0,0,0,0,1,0,32,0,1,0,0,0,0,0,0,0,0,0,0,0,0,0,0,0,0,0,0,0,4,0,0,0,0,4,15,2,0,0,0,0,0,0,0,1,0,21,4,2,1,17,0,0,0,0,0,280,6,0,0,0,0,0,0,0,0,0,0,0,0,0,1,4,1,0,1,1,1,2,4,1,0,0,3,0,0,0,4,2,0,0,2,2,36,0,1416,3,287,31272,1
10.63,826,0.17,76,0,0,1,0,0,0,0,0,0,0,33,0,1,0,0,0,0,0,0,0,0,0,0,0,0,0,0,0,0,0,0,0,0,0,0,0,0,1,20,4,0,0,0,0,0,0,1,0,0,22,19,2,0,15,0,0,0,0,0,145,7,0,0,0,0,0,2,0,0,0,0,0,0,0,0,3,1,1,2,0,0,0,2,0,0,1,3,0,1,0,3,1,0,1,2,2,70,1,1434,1,145,31272,1
10.661,830,0.2,58,0,0,0,0,0,0,0,0,2,0,30,0,1,0,0,0,0,0,0,0,0,0,0,0,0,0,0,0,0,0,0,0,0,0,0,0,0,2,15,4,0,0,0,0,0,0,1,6,0,27,0,3,1,20,0,0,0,0,0,296,13,0,0,0,0,1,3,0,0,0,0,0,0,0,1,5,1,0,0,1,1,1,0,0,1,1,3,1,0,0,2,0,1,1,0,3,39,0,1153,3,256,31272,1
10.693,834,0.17,65,0,0,5,0,0,0,0,0,5,0,33,0,0,0,0,0,0,2,0,0,0,0,0,0,0,0,0,0,0,0,0,0,4,0,0,0,0,2,18,4,0,0,0,0,0,0,1,6,0,26,8,5,2,19,0,0,0,0,0,424,20,0,0,0,0,0,0,0,0,0,0,0,0,0,0,1,0,1,1,1,0,2,3,0,0,1,4,1,0,1,3,1,0,0,5,2,47,1,1241,2,263,31272,1
10.733,839,0.2,48,0,0,5,0,0,0,0,0,0,0,32,0,1,0,0,0,0,1,0,0,0,0,0,0,0,0,0,0,0,0,0,0,1,0,0,0,0,1,16,2,0,0,0,0,0,0,2,7,0,23,4,6,0,20,0,0,0,0,0,260,19,0,0,0,0,0,0,0,0,0,0,0,0,0,1,3,0,1,1,0,0,2,4,1,1,1,5,1,1,0,3,0,1,0,2,0,42,1,1388,1,196,31272,1
10.778,845,0.13,32,0,1,5,0,0,0,0,0,4,0,49,0,1,0,0,0,1,0,0,0,0,0,0,0,0,0,0,0,0,0,0,0,0,0,0,0,0,1,17,1,0,0,0,0,0,0,2,7,0,37,29,2,0,18,0,0,0,0,0,139,11,1,0,0,0,0,2,0,0,0,0,0,0,0,1,4,1,0,0,1,0,2,3,1,1,0,2,1,1,0,3,0,0,0,0,0,55,1,1746,0,300,31272,1
10.834,852,0.17,14,0,0,2,0,0,2,1,0,4,0,48,0,0,0,0,0,0,0,0,0,0,0,0,0,0,0,0,0,0,0,0,0,0,0,0,0,0,2,15,4,0,1,0,0,0,0,0,3,0,38,30,0,1,15,0,0,0,0,0,306,18,0,0,0,0,0,4,0,0,0,0,0,0,0,1,5,1,1,1,0,0,2,0,1,1,0,2,1,0,1,0,0,1,0,5,0,22,1,1834,3,321,31272,1
10.909,861,0.13,4,0,0,0,0,0,0,0,1,4,0,43,0,0,0,0,0,0,0,0,0,0,0,0,0,0,0,0,0,0,0,0,0,0,0,0,0,0,4,15,0,0,0,0,0,0,0,1,3,0,44,27,1,1,22,0,0,0,0,0,414,11,0,0,0,0,0,0,0,0,0,0,0,0,0,1,5,0,0,1,0,0,1,0,1,1,0,1,0,1,1,2,2,1,0,0,2,33,1,1129,0,345,31272,1
10.982,870,0.2,21,0,0,3,0,0,0,2,0,3,0,40,0,0,0,0,0,0,0,0,0,2,0,0,0,0,0,0,0,0,0,0,0,0,0,0,0,0,4,18,4,0,0,0,0,0,0,2,8,0,24,20,4,2,23,0,0,0,0,0,419,19,0,0,0,0,0,4,1,0,0,0,0,0,0,1,1,0,1,1,0,1,1,0,0,1,0,2,0,0,0,2,2,1,0,5,5,58,1,1171,1,289,31272,1
11.082,884,0.17,17,0,0,0,0,0,0,0,0,2,0,45,0,0,0,0,0,0,0,0,0,0,0,0,0,0,0,0,0,0,0,0,0,0,0,0,0,0,0,16,2,0,1,0,0,1,0,1,3,0,15,30,2,2,17,0,0,0,0,0,244,14,0,0,0,0,0,1,0,0,0,0,0,0,0,0,4,0,0,0,1,0,0,4,1,0,1,4,0,1,0,5,1,1,0,2,4,51,0,898,2,259,31272,1
11.127,890,0.17,8,0,0,3,0,0,0,0,0,5,0,44,0,0,0,0,0,0,0,0,0,0,0,0,0,0,0,0,0,0,0,0,0,0,0,0,0,0,3,18,2,0,0,0,0,0,0,1,5,0,31,26,6,0,21,0,0,0,0,0,307,9,0,0,0,0,0,4,0,0,0,0,0,0,0,0,1,1,1,2,0,1,1,4,0,1,0,2,0,0,1,0,1,0,1,3,0,56,0,989,5,278,31272,1
11.3,904,0.09,14,0,0,0,0,0,0,0,0,4,0,41,0,0,0,0,0,0,0,0,0,0,0,0,0,0,0,0,0,0,0,0,0,0,0,0,0,0,4,16,0,0,0,0,0,0,0,0,1,0,17,26,6,1,19,0,0,0,0,0,213,11,0,0,0,0,0,2,0,0,0,0,0,0,0,1,0,0,0,1,1,1,2,2,0,0,0,4,0,1,0,0,1,0,0,2,1,45,1,1195,3,253,31272,1
11.492,911,0.09,7,0,1,3,0,0,0,0,0,1,0,41,0,0,0,0,0,0,0,0,0,0,0,0,0,0,0,0,0,0,0,0,0,0,0,0,0,0,4,20,2,0,0,0,0,0,0,2,6,0,33,28,6,1,17,0,0,0,0,0,192,11,0,0,0,0,0,0,0,0,0,0,0,0,0,0,5,0,1,2,1,1,2,1,0,1,0,5,0,0,1,4,0,0,0,4,2,61,0,1120,0,452,31272,1
11.726,920,0.06,6,0,2,3,0,0,0,0,0,0,0,50,0,0,0,0,0,0,0,0,0,0,0,0,0,0,0,0,0,0,0,0,0,0,0,0,0,0,1,18,0,0,0,0,0,0,0,1,7,0,45,34,0,0,15,0,0,0,0,0,297,20,0,0,0,0,0,0,0,0,0,0,0,0,0,1,1,0,0,0,1,1,0,2,0,1,0,3,1,0,1,2,1,1,1,3,4,30,0,1174,4,405,31272,1
11.885,927,0.08,10,0,1,5,0,0,0,0,0,0,0,31,0,0,0,0,0,0,0,0,0,0,0,0,0,0,0,0,0,0,0,0,0,0,0,0,0,0,1,10,1,0,0,0,0,0,0,0,3,0,23,21,1,2,23,0,0,0,0,0,239,9,0,0,0,0,0,1,0,0,0,0,0,0,0,0,2,0,0,0,1,1,1,2,0,1,0,0,1,0,1,4,1,0,1,1,0,55,1,1211,1,419,31272,1
11.998,933,0.06,5,0,3,4,0,0,0,0,0,0,0,37,0,0,0,0,0,0,0,3,0,0,0,0,0,0,0,0,0,0,0,0,0,0,0,0,0,1,4,9,0,0,0,0,0,0,0,0,1,0,44,23,4,2,23,0,0,0,0,0,196,6,0,0,0,0,0,5,0,0,0,0,0,0,0,0,4,1,0,0,0,1,2,3,0,1,1,2,1,0,1,1,1,0,0,2,5,58,1,1526,4,457,31272,1
12.078,938,0.06,17,0,0,1,0,0,0,0,0,2,0,33,0,0,0,0,0,0,0,0,0,0,0,0,0,0,0,0,0,0,0,2,0,0,0,0,0,4,5,8,0,0,1,0,0,0,0,0,3,0,29,33,5,1,17,0,0,0,0,0,169,10,0,0,0,0,0,1,0,0,0,0,0,0,0,1,5,1,1,2,0,0,1,5,0,1,0,2,0,1,0,2,2,1,1,4,3,23,1,1733,2,324,31272,1
12.177,944,0.05,14,0,0,4,0,0,0,0,0,3,0,48,0,0,0,0,0,0,0,0,0,0,0,0,0,0,0,0,0,0,0,0,0,0,0,0,0,2,0,11,1,0,0,0,0,0,0,0,5,0,37,30,5,1,20,0,0,0,0,0,134,14,0,0,0,0,0,0,0,0,0,0,0,0,0,1,2,0,0,0,0,1,1,1,0,0,1,2,1,0,1,5,0,1,0,5,3,40,0,1292,2,410,31272,1
12.337,953,0.06,10,0,0,3,0,0,0,0,0,5,0,39,0,0,0,0,0,0,0,0,0,0,0,0,0,0,0,0,0,0,0,0,0,0,0,0,0,1,2,15,3,0,0,0,0,0,0,1,6,1,37,23,2,2,16,0,0,0,0,0,233,16,1,0,0,0,0,1,0,0,0,0,0,0,0,0,5,0,1,2,0,1,0,5,0,1,0,5,0,0,1,3,0,0,1,0,0,45,0,1554,2,600,31272,1
12.436,959,0.06,9,0,0,3,0,0,0,0,0,5,0,39,0,0,0,0,1,0,0,0,0,0,0,0,0,0,0,0,0,0,0,0,0,0,0,0,0,4,2,13,3,0,0,0,0,0,0,2,8,0,34,25,5,1,15,0,0,0,0,0,290,8,0,0,0,0,0,2,0,0,0,0,0,0,0,0,3,0,1,1,1,1,0,3,0,1,1,0,0,1,1,0,0,0,1,4,2,61,0,1288,5,534,31272,1
12.479,962,0.05,21,0,0,1,0,0,0,0,0,5,0,31,0,0,0,0,0,0,0,0,0,0,0,0,0,0,0,0,0,0,0,0,0,0,0,0,0,5,4,7,2,0,0,0,0,0,0,2,14,0,33,10,2,0,19,0,0,0,0,0,305,6,0,0,0,0,0,0,0,0,0,0,0,0,0,1,1,1,0,2,1,1,0,1,0,1,0,1,0,1,0,3,1,0,0,4,4,27,1,1664,3,621,31272,1
12.525,966,0.05,12,0,0,3,0,0,0,0,0,4,0,44,0,0,0,0,0,0,0,0,0,0,1,0,0,0,0,0,0,0,0,0,0,0,0,0,0,2,3,12,2,0,0,0,0,0,0,1,15,0,19,12,4,0,16,0,0,0,0,0,373,10,0,0,0,0,0,2,0,0,0,0,0,0,0,1,5,1,0,0,1,1,2,3,0,1,1,1,0,1,1,5,0,1,0,3,2,31,0,1406,3,700,31272,1
12.575,970,0.05,10,0,0,2,0,0,0,0,0,3,0,35,2,0,0,0,0,0,0,0,0,0,0,0,0,0,0,0,0,0,0,0,0,0,0,0,0,2,0,7,2,0,0,0,0,0,0,0,8,0,21,12,6,0,17,0,0,0,0,0,373,19,0,0,0,0,0,3,0,0,0,0,0,0,0,1,2,1,1,0,0,0,0,3,0,0,0,3,0,1,1,0,2,1,0,0,3,25,1,1706,2,541,31272,1
12.639,975,0.05,12,0,0,0,0,0,0,0,0,3,0,44,1,0,0,0,0,0,1,1,0,0,0,0,0,0,0,0,0,0,0,0,0,0,0,0,0,1,0,6,3,0,0,0,0,0,0,0,11,0,34,9,2,1,16,0,0,0,0,0,355,13,0,0,0,0,0,2,0,0,0,0,0,0,0,1,0,1,0,1,0,1,0,5,0,0,1,0,1,1,1,2,1,0,1,4,0,72,0,1454,5,637,31272,1
12.673,978,0.05,9,0,1,0,0,0,0,0,0,2,0,17,0,0,0,0,0,0,1,0,0,0,0,0,0,0,0,0,0,0,0,0,0,0,0,0,0,1,4,8,0,0,0,0,0,2,0,2,12,0,29,32,6,2,17,0,0,0,0,0,195,13,0,0,0,0,0,3,0,0,0,0,0,0,0,0,0,1,0,1,1,0,1,5,1,1,1,4,1,0,1,2,0,0,1,2,1,70,1,1783,1,410,31272,1
12.721,982,0.05,18,0,0,2,0,0,0,0,0,0,1,25,0,0,0,0,0,0,0,2,0,0,0,0,0,0,0,0,0,0,0,0,0,0,0,0,0,2,4,12,1,0,0,0,0,0,0,0,6,0,33,8,3,1,15,0,0,0,0,0,136,10,0,0,0,0,0,0,0,0,0,0,0,0,0,0,3,0,0,2,1,0,0,4,1,1,1,4,0,1,0,5,1,0,1,5,2,50,0,1673,1,328,31272,1
12.761,985,0.05,15,0,0,1,0,0,0,0,0,0,0,24,0,0,0,0,0,0,0,0,0,0,0,0,0,0,0,0,0,0,0,0,0,0,0,0,0,1,5,6,4,0,0,0,0,0,0,1,11,0,27,11,0,1,19,0,0,0,0,0,367,11,0,0,0,0,0,4,0,0,0,0,0,0,0,0,1,0,0,2,1,0,0,2,1,0,0,1,0,1,1,5,0,0,1,3,2,70,1,1315,1,547,31272,1
12.789,987,0.05,3,0,0,2,0,0,0,0,0,0,0,21,0,0,0,0,0,0,0,0,0,0,0,0,0,0,0,0,0,0,0,0,0,0,0,0,0,0,4,12,1,0,0,0,0,0,0,2,18,0,17,12,2,0,23,0,0,0,0,0,278,9,0,0,0,0,0,5,1,0,0,0,0,0,0,1,5,0,0,2,1,1,2,0,1,1,1,0,0,1,1,1,0,1,0,5,1,68,0,1437,0,774,31272,1
12.832,990,0.17,11,0,0,3,0,0,0,0,0,0,0,12,0,0,0,0,0,0,0,0,0,0,0,0,0,0,0,0,0,0,0,0,0,0,0,0,0,1,4,14,2,0,0,0,0,0,0,1,7,0,34,5,1,1,21,0,0,0,0,0,297,20,0,0,0,0,0,4,0,0,0,0,0,0,0,1,5,1,0,2,0,1,0,5,0,1,0,4,0,0,1,0,2,1,0,3,3,76,1,1382,5,681,31272,1
12.844,993,0.14,17,0,0,3,0,0,0,0,0,0,0,30,0,0,0,0,0,0,0,0,0,0,0,0,0,0,0,0,0,0,0,0,0,0,0,0,0,0,1,13,0,0,0,0,0,0,0,1,15,0,25,9,3,0,18,0,0,0,0,0,360,15,0,0,0,0,0,4,0,0,0,0,0,0,0,1,0,1,0,1,0,0,0,4,0,0,1,4,0,1,1,4,0,1,0,0,1,78,0,1784,1,790,31272,1
12.861,997,0.14,8,0,0,3,0,0,0,0,0,0,0,12,0,0,0,0,0,0,0,0,0,0,0,0,0,0,0,0,0,0,0,0,0,2,0,0,0,0,3,10,1,0,0,0,0,0,0,0,7,0,40,10,0,1,15,0,0,0,0,0,372,18,0,0,0,0,0,5,0,0,0,0,0,0,0,0,0,1,0,0,0,0,0,0,0,1,0,4,1,0,0,5,1,0,1,5,5,72,0,1597,3,412,31272,1
12.879,1001,0.14,10,0,0,1,0,0,0,0,0,0,0,20,0,0,0,0,0,1,0,1,0,0,0,0,0,0,0,0,0,0,0,0,0,1,0,0,0,0,0,19,4,0,0,0,0,0,0,2,9,0,44,7,2,1,22,0,0,0,0,0,451,14,0,0,0,0,0,3,0,0,0,0,0,0,0,0,0,1,0,0,0,1,2,4,0,1,1,2,0,0,0,2,1,0,1,2,0,90,1,1528,4,325,31272,1
12.898,1005,0.13,6,0,0,1,0,0,0,0,0,0,0,18,0,0,0,0,0,0,0,0,0,0,0,0,0,0,0,0,0,0,0,0,0,4,0,0,0,0,2,18,2,0,0,0,0,0,0,0,16,0,28,8,6,1,19,0,0,0,0,0,417,20,0,0,0,0,0,1,0,0,0,0,0,0,0,0,2,0,1,2,0,1,0,3,1,1,0,1,1,0,1,0,0,1,1,4,3,117,1,1750,5,415,31272,1
12.916,1009,0.14,8,0,0,2,0,0,0,0,0,0,0,20,0,0,0,0,0,0,0,0,0,0,0,0,0,0,0,0,0,0,0,0,0,0,0,0,0,0,0,18,4,0,0,0,0,0,0,1,8,0,15,10,5,2,19,0,0,0,0,0,424,10,0,0,0,0,0,0,0,0,0,0,0,0,0,1,2,1,1,2,0,0,0,0,0,1,0,0,0,0,1,5,0,1,0,1,1,86,0,1736,2,350,31272,1
12.93,1012,0.11,11,0,0,1,0,0,0,0,0,1,0,28,0,0,1,0,0,0,0,0,0,0,0,0,0,0,0,0,0,0,0,1,0,4,0,0,0,0,0,18,0,0,0,0,0,0,0,0,17,0,32,11,0,1,23,0,0,0,0,0,218,4,0,0,0,0,0,5,0,0,0,0,0,0,0,1,2,1,1,0,1,1,1,1,1,0,1,0,0,1,0,1,1,0,1,2,1,90,0,1259,5,589,31272,1
12.944,1015,0.1,26,0,0,0,0,0,0,0,0,0,0,10,0,0,0,0,0,0,0,0,0,0,0,0,0,0,0,0,0,0,0,0,0,3,0,0,0,0,2,17,2,0,0,0,0,0,0,0,13,0,43,16,5,1,13,0,0,0,0,0,150,4,1,0,0,0,0,0,0,0,0,0,0,0,0,0,5,0,1,2,0,1,0,1,0,0,0,2,0,1,1,2,2,0,0,2,4,95,1,1490,5,741,31272,1
12.958,1018,0.13,8,0,0,4,0,0,0,0,0,0,0,22,0,0,0,0,0,0,0,3,0,0,0,0,0,0,0,0,0,0,0,0,0,1,0,0,0,0,0,17,3,0,0,0,0,0,0,0,1,0,23,8,2,1,4,0,0,0,0,0,316,4,0,0,0,0,1,4,0,0,0,0,0,0,0,0,5,1,0,2,0,0,0,3,0,1,1,4,1,0,0,5,2,1,0,5,4,93,0,1524,2,714,31272,1
12.97,1021,0.5,19,0,0,1,0,0,0,0,0,0,0,24,0,0,0,0,0,0,2,0,0,0,1,0,0,0,0,0,0,0,0,0,0,1,0,0,0,0,2,15,2,0,0,0,0,0,0,0,5,0,103,9,6,2,8,0,0,0,0,0,419,9,0,0,0,0,0,2,0,0,0,0,0,0,0,1,3,1,0,0,0,0,2,1,0,0,0,1,0,1,1,0,0,0,0,3,5,78,0,974,5,874,31272,1
12.981,1025,0.5,5,0,0,1,0,0,0,0,0,0,0,4,0,0,2,0,0,0,0,0,0,0,0,0,0,0,0,0,0,0,0,0,0,7,0,0,0,0,5,19,3,0,0,0,0,0,0,1,6,0,105,12,1,1,10,0,0,0,0,0,164,4,0,0,0,0,0,5,0,0,0,0,0,0,0,1,5,0,0,0,0,1,2,4,0,0,0,1,1,0,0,0,0,0,0,5,1,97,1,842,1,354,31272,1
12.992,1028,0.33,4,0,0,5,0,0,0,0,0,0,0,0,1,0,0,0,0,0,0,0,0,0,0,0,0,0,0,0,0,0,0,0,0,10,0,0,0,0,2,20,0,0,0,0,0,1,0,1,5,0,125,11,0,1,22,0,0,0,0,0,367,12,0,0,0,0,0,2,1,0,0,0,0,0,0,1,2,0,1,2,0,1,2,1,1,1,0,2,0,1,1,5,1,0,0,2,3,83,0,839,2,828,31272,1
13.002,1031,0.25,9,0,0,5,0,0,0,0,0,0,1,0,0,0,0,0,0,0,0,0,0,0,0,0,0,0,0,0,0,0,0,0,0,5,0,0,0,0,3,15,2,0,0,0,0,0,0,0,4,0,131,8,6,0,8,0,0,0,0,0,186,8,0,0,0,0,0,4,0,0,0,0,0,0,0,0,4,0,1,0,0,1,2,4,0,1,0,0,1,1,1,4,2,1,1,2,1,97,1,924,3,415,31272,1
13.011,1034,0.25,11,0,0,5,0,0,0,0,0,0,0,0,0,0,2,0,0,0,0,0,0,0,0,0,0,0,0,0,0,0,0,0,0,10,0,0,0,0,5,19,0,0,0,0,0,0,0,2,3,0,134,9,4,0,4,0,0,0,0,0,386,9,0,0,0,0,0,3,0,0,0,0,0,0,0,1,3,0,0,0,0,1,1,2,1,1,0,0,0,0,1,4,2,1,0,2,3,84,1,930,2,672,31272,1
13.021,1037,0.33,9,0,0,4,0,0,0,0,0,0,0,6,0,0,0,0,0,0,0,0,0,2,0,0,0,0,0,0,0,0,0,0,0,9,0,0,0,0,2,18,3,0,0,0,0,0,0,0,4,0,136,2,6,2,23,0,0,0,0,0,224,5,0,0,0,0,0,2,0,0,0,0,0,0,0,1,0,0,1,2,0,1,0,1,1,1,0,1,0,0,0,0,0,0,1,4,4,93,1,958,4,574,31272,1
13.035,1041,0.25,10,0,0,0,0,0,0,0,0,0,0,1,0,0,0,0,0,0,0,0,0,0,0,0,0,0,0,0,0,0,0,0,0,6,0,0,0,0,0,17,2,0,0,0,0,0,0,1,0,0,118,3,0,0,8,0,0,0,0,0,137,3,0,0,0,0,0,3,0,0,0,0,0,0,0,1,0,1,0,1,0,1,0,3,0,1,1,2,0,1,0,5,0,1,0,2,0,122,0,965,3,625,31272,1
13.049,1045,0.5,16,0,0,3,0,0,0,0,0,0,0,2,0,0,0,0,0,0,0,0,0,0,0,0,0,0,0,0,0,0,0,0,0,6,0,0,0,0,3,16,2,0,0,0,0,0,0,1,1,0,136,8,1,0,2,0,0,0,0,0,353,8,0,0,0,0,0,0,0,0,0,0,0,0,0,1,4,1,1,2,0,1,2,5,1,1,0,0,0,1,1,1,2,0,0,2,0,104,0,903,5,846,31272,1
13.065,1050,0.33,8,0,0,5,0,0,0,0,0,0,0,8,0,0,0,0,0,0,1,0,0,0,0,0,0,0,0,0,0,0,0,0,0,8,0,0,0,0,4,17,0,0,0,0,0,0,0,2,1,0,110,6,5,1,16,0,0,0,0,0,231,6,0,0,0,0,0,4,0,0,0,0,0,0,0,1,3,0,0,1,1,1,0,5,1,1,0,4,1,1,0,3,0,0,0,5,0,71,1,910,3,417,31272,1
13.086,1056,0.33,7,0,0,2,0,0,0,0,0,0,0,4,0,0,0,0,0,0,1,0,0,0,0,0,0,0,0,0,0,0,0,1,0,9,0,0,0,0,3,15,1,0,0,0,0,0,0,1,1,1,120,1,0,0,24,0,0,0,0,0,373,9,0,0,0,0,0,3,0,0,0,0,0,0,0,0,0,0,1,2,0,0,2,3,1,1,0,1,0,0,0,3,0,0,1,2,5,73,1,948,2,240,31272,1
13.099,1060,0.33,11,0,0,3,0,0,0,0,0,0,0,6,0,0,1,0,0,0,0,1,0,0,0,0,0,0,0,0,0,0,0,0,0,7,0,0,0,0,4,16,4,0,0,0,0,0,0,2,3,0,106,6,6,1,8,0,0,0,0,0,183,5,0,0,0,0,0,2,0,0,0,0,0,0,0,0,1,1,1,2,0,1,2,5,1,1,1,5,1,0,1,2,1,1,0,3,0,103,0,962,0,321,31272,1
13.114,1064,0.33,9,0,0,5,0,0,0,0,0,0,0,2,0,0,0,0,0,0,0,0,0,0,0,0,0,0,0,0,0,0,0,0,0,6,0,0,0,0,2,16,3,0,0,0,0,0,0,2,5,0,131,8,5,0,7,0,0,0,0,0,425,5,1,0,0,0,0,3,1,0,0,0,0,0,0,1,3,1,1,2,1,0,1,4,1,1,1,4,0,1,0,1,0,0,1,3,2,124,0,910,5,145,31272,1
13.14,1072,0.33,18,0,0,4,0,0,0,0,0,0,0,6,0,0,0,0,0,0,0,0,0,0,0,0,0,0,0,0,0,0,0,0,0,10,0,0,0,0,5,19,1,0,0,0,0,0,0,1,6,0,133,19,3,2,6,0,0,0,0,0,248,8,0,0,0,0,0,4,0,0,0,0,0,0,0,1,1,0,0,0,1,1,0,3,1,1,0,2,0,1,1,4,1,1,0,3,5,95,0,962,0,285,31272,1
13.17,1081,0.33,14,0,0,0,0,0,0,0,0,0,0,4,0,0,0,0,0,0,0,1,0,0,0,0,0,0,0,0,0,0,0,0,0,7,0,0,0,0,5,17,2,0,0,0,0,0,0,0,4,0,99,20,3,1,5,0,0,0,0,0,392,4,0,0,0,0,0,5,0,0,0,0,0,0,0,1,0,0,1,1,0,1,1,5,1,1,1,1,0,0,1,0,1,1,0,3,0,77,0,955,4,458,31272,1
13.2,1091,0.33,7,0,0,4,0,0,0,0,0,0,0,0,0,0,0,0,0,0,0,0,0,0,0,0,0,0,0,0,0,0,0,0,0,5,0,0,0,0,2,17,1,0,1,0,0,0,0,0,3,0,128,16,4,0,4,0,0,0,0,0,446,11,0,0,0,0,0,0,0,0,0,0,0,0,0,1,2,0,1,1,0,0,1,0,0,1,1,2,0,1,0,5,1,0,0,2,1,66,1,987,5,421,31272,1
13.223,1098,0.25,5,0,0,4,0,0,0,0,0,0,0,1,0,0,0,0,0,0,0,0,0,0,0,0,0,0,0,0,0,0,0,0,0,7,0,0,0,0,1,16,2,0,0,0,0,0,0,2,0,0,108,5,0,2,4,0,0,0,0,0,450,8,0,0,0,0,0,3,0,0,0,0,0,0,0,1,3,1,1,1,1,0,0,4,0,0,0,3,1,1,1,4,2,1,0,5,3,37,0,938,0,458,31272,1
13.24,1103,0.33,8,0,0,1,0,0,0,0,0,0,0,4,0,0,0,0,0,0,0,0,0,0,0,0,0,0,0,0,0,0,0,0,0,6,0,0,0,0,5,15,3,0,0,0,0,0,0,0,4,0,144,21,6,0,20,0,0,0,0,0,330,0,0,0,0,0,0,0,0,0,0,0,0,0,0,0,0,0,0,0,1,1,2,0,0,0,0,4,1,1,1,0,2,0,1,2,1,63,1,920,5,426,31272,1
13.265,1110,0.25,10,0,0,4,0,0,0,0,0,0,0,2,0,0,0,0,0,0,0,0,0,0,0,0,0,0,0,0,0,0,0,0,0,6,0,0,0,0,3,17,0,0,0,0,0,0,0,1,3,0,90,14,1,1,16,0,0,0,0,0,225,8,0,0,0,0,0,4,0,0,0,0,0,0,0,0,5,1,1,0,1,0,2,5,1,1,0,3,1,1,0,2,2,1,1,1,1,39,0,967,5,658,31272,1
13.306,1116,0.2,8,0,0,4,0,0,0,0,0,0,0,3,0,0,0,0,0,0,0,0,0,0,0,0,0,0,0,0,0,0,0,0,0,10,0,0,0,0,5,19,3,0,0,0,0,0,0,1,0,0,127,11,1,1,23,0,0,0,0,0,319,10,0,0,0,0,0,0,0,0,0,0,0,0,0,1,0,0,0,0,0,1,2,0,0,0,1,1,0,1,0,5,2,0,0,3,1,71,1,978,3,845,31272,1
13.328,1119,0.25,5,0,0,4,0,0,0,0,0,0,0,2,0,0,0,0,0,0,0,2,0,2,0,0,0,0,0,0,0,0,0,2,0,5,0,0,0,0,1,19,4,0,0,0,0,0,0,1,0,0,101,8,0,0,20,0,0,0,0,0,193,12,0,0,0,0,0,2,0,0,0,0,0,0,0,0,1,1,1,1,0,0,2,5,0,1,0,5,1,1,0,0,2,0,1,3,3,34,0,968,3,758,31272,1
13.349,1122,0.2,15,0,0,1,0,0,0,0,0,0,0,0,0,0,0,1,0,0,0,0,0,0,0,0,0,0,0,0,0,0,0,0,0,5,0,0,0,1,5,15,0,0,0,0,0,0,0,0,3,0,111,17,4,0,19,0,0,0,0,0,406,11,0,0,0,0,0,0,1,0,0,0,0,0,0,0,5,0,0,0,1,0,0,0,0,0,0,2,0,1,1,1,2,0,0,0,2,24,1,887,2,856,31272,1
13.384,1127,0.2,9,0,0,2,0,0,0,0,0,0,0,0,0,0,0,0,0,0,0,0,0,0,1,0,0,0,0,0,0,0,0,0,0,6,0,0,0,1,3,15,0,0,0,0,0,1,0,2,4,0,94,18,5,1,13,0,0,0,0,0,332,3,0,0,0,0,0,5,0,0,0,0,0,0,0,1,1,1,0,2,1,1,0,3,1,0,1,3,0,0,0,3,2,0,0,3,4,65,0,885,2,569,31272,1
13.41,1131,0.25,14,0,0,5,0,0,0,0,0,0,0,0,0,0,0,0,0,0,0,0,0,0,0,0,0,0,0,0,0,0,0,0,0,5,0,0,0,0,2,16,1,0,0,0,0,0,0,2,2,0,108,15,5,1,4,0,0,0,0,0,301,14,0,0,0,0,0,1,0,0,0,0,0,0,0,0,0,1,0,0,0,0,0,3,0,1,0,0,0,1,0,1,2,0,0,0,0,70,0,904,4,741,31272,1
13.442,1136,0.2,17,0,0,2,0,0,0,0,0,0,0,0,0,0,0,0,0,0,1,0,0,0,0,0,0,0,0,0,0,0,0,0,0,9,0,0,0,0,5,17,4,0,0,0,0,0,0,2,1,0,98,12,1,2,14,0,0,0,0,0,413,13,0,0,0,0,0,2,0,0,0,0,0,0,0,0,0,0,1,1,1,0,2,3,1,0,0,2,0,0,0,1,2,0,0,2,0,52,0,971,5,721,31272,1
13.459,1139,0.2,21,0,0,1,0,0,0,0,0,0,0,0,0,0,0,0,0,0,0,0,0,0,0,0,0,0,0,0,0,0,0,0,0,10,0,0,0,0,1,17,4,0,0,0,0,0,0,2,4,0,97,0,6,1,20,0,0,0,0,0,410,35,0,0,0,0,0,3,0,0,0,0,0,0,0,1,2,0,0,1,1,1,0,2,1,1,1,4,0,1,1,4,1,1,0,3,0,61,0,979,5,852,31272,1
13.489,1143,0.13,0,0,0,4,0,0,0,0,0,0,0,0,1,0,0,0,0,0,0,0,0,0,0,0,0,0,0,0,0,0,0,0,0,8,0,0,0,0,2,18,4,0,0,0,0,0,0,1,4,0,125,5,5,0,22,0,0,0,0,0,319,33,0,0,0,0,0,2,0,0,0,0,0,0,0,1,5,0,0,0,1,0,1,1,1,1,0,2,1,0,0,2,1,1,0,4,0,57,1,945,1,697,31272,1
13.546,1150,0.17,0,0,0,2,0,0,0,0,0,0,0,0,0,0,0,0,0,0,0,0,0,0,0,0,0,0,0,0,0,0,0,0,0,5,0,0,0,0,2,19,3,0,0,0,0,0,0,0,3,0,108,17,0,2,0,0,0,0,0,0,411,16,0,0,0,0,0,2,0,0,0,0,0,0,0,0,2,1,0,1,0,1,0,0,0,0,1,4,0,0,1,5,2,0,0,1,4,74,0,930,3,745,31272,1
13.675,1166,0.14,0,0,0,1,0,0,0,0,0,0,0,0,0,0,0,0,0,0,0,0,0,2,0,0,0,0,0,0,0,0,0,0,0,8,0,0,0,0,2,20,1,0,0,0,0,0,0,0,0,1,92,21,6,0,23,0,0,0,0,0,349,14,0,0,0,0,0,2,0,0,0,0,0,0,0,1,4,0,1,1,1,1,1,0,1,0,1,3,1,1,0,0,0,0,0,1,0,37,0,945,1,869,31272,1
