depth,age,accrate,Acer,Alnus glutinosa type,Betula pendula/pubescens type,Castanea sativa,Celtis australis type,Corylus avellana,Fagus sylvatica,Frangula alnus,Fraxinus angustifolia type,Juglans regia,Juniperus type,Olea europaea,Pinus,Populus,Quercus ilex type,Quercus pyrenaica/faginea type,Quercus suber type,Salix,Tamarix,Ulmus,Arbutus unedo,Calluna vulgaris,Cistus,Crataegus type,Ephedra distachya type,Ephedra fragilis type,Erica arborea/scoparia type,Erica australis type,Erica tetralix type,Erica umbellata,Erica undiff.,Genista type,Helianthemum,Lamiaceae 6-colpate,Ligustrum vulgare type,Lonicera periclymenum type,Myrtus communis,Phillyrea,Pistacia,Prunus type,Rhamnus,Rosa type,Rubus type,Sambucus nigra type,Thymelaeaceae,Viburnum tinus type,Vitis vinifera,Agrimonia,Allium type,Anagallis type,Anthemis type,Anthriscus sylvestris type,Aphanes,Apiaceae,Arenaria type,Artemisia,Asphodelus,Aster type,Astragalus type,Boraginaceae undiff.,Brassicaceae,Bryonia dioica type,Bupleurum type,Campanula type,Campanulaceae,Cannabis sativa type,Cardueae,Caryophyllaceae undiff.,Centaurea cyanus type,Centaurea nigra type,Centaurea scabiosa type,Cerastium type,Cerealia type,Chelidonium majus type,Chenopodiaceae,Cichorioideae,Consolida,Convolvulaceae,Corrigiola litoralis type,Corrigiola telephiifolia type,Daucus type,Echium,Eryngium type,Fabaceae undiff.,Filipendula,Gentianaceae,Geranium,Herniaria,Humulus lupulus,Hypericum perforatum type,Illecebrum verticillatum,Jasione type,Liliaceae undiff.,Linaria type,Linum catharticum type,Lotus type,Minuartia type,Papaver rhoeas type,Paronychia type,Pimpinella major type,Plantago coronopus type,Plantago lanceolata type,Plantago major type,Plantago maritima type,Plantago undiff.,Poaceae,Polygala vulgaris type,Polygonum aviculare type,Potentilla type,Rosaceae undiff.,Rubiaceae,Rumex acetosa/acetosella type,Rumex obtusifolius type,Sagina,Sanguisorba minor type,Scabiosa,Scandix pecten-veneris type,Scilla type,Scleranthus,Scrophulariaceae,Secale,Sedum type,Silene dioica type,Silene vulgaris type,Smyrnium type,Spergularia type,Stachys type,Teucrium type,Trifolium pratense type,Trifolium repens type,Tuberaria,Urtica dioica type,Urtica pilulifera type,Valeriana officinalis,Vicia/Lathyrus type,Alisma,Caltha palustris,Cyperaceae,Drosera rotundifolia type,Lythrum hyssopifolia type,Lythrum portula type,Myrica gale,Myriophyllum spicatum,Oenanthe,Parnassia palustris,Potamogeton,Ranunculus,Sagitaria sagittifolia,Thalictrum,Typha/Sparganium,Utricularia,Isoetes,Monolete,Ophioglossum type,Pteridium aquilinum,Selaginella type,Trilete,Cercophora type,Gelasinospora,Podospora type,Sordaria type,Sphagnum,Sporormiella type,Tilletia sphagni,,CHAR (# cm-2 yr-1),Charcoal concentration (# cm-3),,Lycopodium exotic marker pollen,Lycopodium tablets,Nr Lycopodium spores/tablet,Unidentified,Volume (cm3),,Obligate coprophilous fungi infl.,Podospora type infl.,Sordaria type infl.,Sporormiella type infl.
1,48,4,0,0,0,0,0,2.8,0,0,0,0,1.9,2.8,3.8,0,16,14.2,6.6,0,0,0,0,0,2.8,0,0,0,15.1,0,10.4,0,1.9,0.9,0,0,0,0,0,0.9,0,0,0.9,0.9,0,0,0,0,0,0,0,0,1.9,0,0,0,0,0.9,0,0,0,0,0,0,0,0,0,0,0.9,0,0,0,0,0,0,0,2.8,1.9,0,0,0,0,0,0,0,0,0,0,0,0,0,0,0,0,0,0,0,0,0,0,0,0,0,0.9,0,0,0,7.5,0,0,0,0,0,0.9,0,0,0,0,0,0,0,0,0,0,0,0,0,0,0,0,0,0,0,0,0,0,0,0,0,0,0,0,0,436.8,0,0,0,0,1.9,0,0,0,0,0,0,0,0,0,0,0,0,0,2.8,2.8,50.9,0,,,,,75,2,13911,,0.5,,9677.21739130435,0,509.327231121282,9167.89016018307
2,61,5,0,0,0,0,0.3,0,0,0,0,0,0.3,3.8,3.5,0,10.2,12.1,3.2,0,0,0.3,0.3,0,1.6,0,0,0,27.7,2.2,12.4,0,0,1,0,1,0,0,0,1.6,2.5,0,0,0,0,0,0,0,0,0,0,0,0.3,0,0,0,0,0.6,0,1.6,0,0,1,0,0,0,0,0,0.3,0,0,0,0,0,0.6,0,0,1,0,0,0,0,0,0,0,0,0,0,0,0,0,0,0,0,0,0.3,0,0,0,0,0,0,0.3,1,0.3,0,0,5.7,0,0,0,0,0,0.6,0,0,0,0,0,0,0,0,0,0.3,0,0,0,0.3,0,0,1,0.3,0,0,0.3,0,0,0,0,0,0,0,0,143.6,0,0,0,0,0,0,0,0,0,0,0,0,0,0,0,0,1,0,0.3,0.3,2.9,0.3,,6004.300459,26899.26606,,79,2,9666,,0.6,,910.375226039783,0,91.0375226039783,819.337703435805
3,80,5,0,0,0,0,0,0,0,0,0.3,0,0,6.9,3.4,0,11.6,7.5,0.6,0.3,0,0,0,0,4.4,0,0,0,27,2.2,2.8,0,0,0.3,0,0,0,0,0.3,2.2,0,0,0,0,0,0,0,0.3,0,0,0,0,2.5,0,0,0.3,0,0.6,0,1.6,0,0,0.3,0,0,0,0,0,0,0,0,0,0,0,0,0,0,1.3,0,0,0,0,0,0,0,0,0,0,0,0.3,0,0,0,0,0,0.3,0,0,0,0,0,0,0,1.6,0,0,0,16.9,0,0,0,0,0,3.1,0,0,0,0,0,0,0,0.3,0,0,0,0,0,0.3,0,0,0.3,0,0,0,0,0,0,0,0,2.2,0,0,0,353.9,0,0,0,0,0,0,0,0,0,0,0,0,0,0,0,0,0,0,0.9,4.7,5.3,0.3,,19832.94607,95396.47059,,113,2,9666,,0.6,,1185.58313248579,0,177.837469872868,1007.74566261292
4,102,6,0,0,0,0,0,0,0,0,0.3,0.3,0,6.2,1.3,0,10.8,6.9,1.3,0.7,0,0,1.3,1.6,2,0,0,0,22.3,1.6,3.3,0,0.3,1,0,0.3,0,0,0.3,2,0,0,0,0,0,0,0,0,0,0,0.3,0,3,0,0,0,0,0.3,0,1.3,0,0,0.3,0,0.3,0,0,0,0.3,0,0,0,0,0,0.7,0,1.3,1.3,0,0,0,0,0,3,0.3,0,0.3,0.3,0,0,0,0,0,0,0,0.3,0,0.3,0,0,0,0,0,1.6,0,0,0,15.1,0,0,0,0,0,3.9,0,0,0.3,0,0,0,0,0.3,0,0,0,0,0,0,0.3,0,0.7,0,0,0,0,0,0,0,0,16.7,0,0.3,0,16.4,0,0,0,0,0.3,0,0.3,0,0,0,0,0,0.3,0,0,0,0,3.9,5.2,4.3,89.2,2,,3629.791131,19419.38255,,400,2,13911,2,0.5,,7800.56074766355,312.022429906542,416.029906542056,7072.50841121495
5,126,6,0,0,0,0,0,0,0,0,0,0,0.3,3.9,1.9,0,4.5,12,0.3,0.3,0,0,1.6,0.6,9.4,0,0,0,29.2,2.3,8.4,1.3,0,0.6,0.6,1,0,0,0,1.6,0.6,0,0,0,0,0,0,0,0,0,0,0,0.3,0,0,0,0,0,0,0.6,0,0,0,0,0,0,0,0,0.3,0,0,0,0,0,0,0,0.3,0.3,0,0,0,0,0,0.6,0.3,0,0,0,0,0,0,0,0,0,0,0.3,0,0,0,0,0,0,0.3,1.3,0,0.3,0,11.4,0,0,0,0,0,1.3,0,0,0.6,0,0,0,0,0,0,0,0,0,0,0.3,0,0,0,0,0,0,0.3,0,0,0,0,10.4,0,0,0,15.3,0,0,0,0,0.6,0,0,0,0,0,0,0,0,0,0,0,0.6,0,1,0.6,8.8,0.6,,3910.774813,23816.61861,,355,2,9666,1,0.7,,383.225461141232,0,38.3225461141232,344.902915027109
6,148,5,0,0.3,0.7,0,0,0,0,0,0.3,0,0,4,2,0,7.6,11.6,1,0,0,0,1.3,2.7,6.3,0,0,0,25.2,2.7,6.6,1,0,0.3,0,1.3,0,0,0.7,2.7,0,0,0,0,0,0,0,0,0,0,0,0,0.3,0,0,0,0,0,0,0.7,0,0,0.3,0,0,0,0,0,0.3,0,0,0,0,0,0,0,0.3,0.3,0,0,0,0,0,0.7,0,0,0.3,0,0,0,0,0,0,0.7,0,0.3,0,0,0,0,0,0,0.7,1,0.3,0,0,13.3,0,0,0.3,0,0,0.7,0,0,0,0,0,0,0,0.3,0,0.3,0,0,0,0.3,0,0,0,0,0,0,0,0,0,0,0,16.9,0,0,0,78.4,0,0,0,0,0,0,0,0,0,0,0,0,0.3,0,0,0,1,0,0.3,1.7,4,0.3,,7057.79693,49757.46835,,281,2,9666,3,0.6,,211.433330809419,0,16.2641023699553,195.169228439464
7,171,5,0,0,0,0,0,0,0,0,0,0,0,3.9,1,0,5.2,9,0.6,0.3,0.3,0,1,2.3,5.8,0,0,0,37.7,2.6,8.4,1.3,1.3,1,0,2.6,0,0,0.3,0.6,0,0,0,0,0,0,0,0,0.3,0,0.6,0,0.3,0,0,1,0,0,0,0.6,0,0,0,0,0,0,0,0,0,0,0,0,0,0,0,0,0,1.3,0,0,0,0,0,0,0,0,0.3,0,0,0,0,0,0,0,0.3,1,0,0,0,0,0,0,0,0.6,0,0,0,4.2,0,0,2.9,0,0,0.6,0,0,0.3,0,0,0,0,0,0,0,0,0,0,0,0,0.3,0,0,0,0,0,0,0,0,0,17.1,0,0,0,6.5,0,0,0,0,0.6,0,0,0,0,0,0,0,0,0,0,0,1.6,0,1,0,17.1,0,,24869.87163,204430.3448,,134,2,9666,2,0.6,,1638.0869375749,0,87.7546573700839,1550.33228020482
8,183,6,0,0,0.5,0,0,0,0,0,0.5,0,0,1.9,0.5,0,1.9,8.4,3.7,0,0,0,0.5,3.7,9.8,0.9,0,0,27.1,4.2,9.3,1.4,0.5,0.5,0,0.9,0,0,0.9,2.3,0,0,0,0,0,0,0,0,0,0,0,0,0,0,0,0,0,0,0,0,0,0,0.5,0,0,0,0,0,0,0,0,0,0,0,0.9,0,0.5,0.9,0,0,0,0,0,0,0,0,0,0,0,0,0,0,0,0,0,0,0,0,0,0,0,0,1.4,0.5,0,0,0,8.4,0,0,4.2,0.5,0,2.3,0,0,0,0,0,0,0,0,0,0,0,0,0,0.5,0,0,0,0,0,0,0,0,0,0,0,20.1,0,0,0,7.9,0,0,0,0,0,0,0,0,0,0.5,0,0,0.5,0,0,0,3.7,0,0.5,0.5,15,0,,21495.83026,191097.931,,99,2,9666,2,0.6,,1208.09898762655,0,36.6090602311075,1171.48992739544
9,195,6,0,0,0,0.3,0,0,0,0,0.3,0,0,2.3,1,0,1,7.2,1.6,0,0,0,2.9,1.6,4.6,0.3,0,0,15.7,4.6,20.9,1.3,5.2,1,0.7,1.6,0,0,0,2.6,0,0,0.7,0,0,0,0,0,0,0,0,0,0.3,0,0,1,0,0.3,0,0.3,0,0,0,0,0,0,0,0,0,0,0,0,0,0,0,0,0.3,1.3,0,0,0.3,0,0,0.3,0,0,0.3,0.3,0,0,0,0,0,0,0,0.7,0,0,0,0,0,0,0.7,0.7,0,0,0,12.7,0,0,0.3,0,0,2,0,0,0,0,0,0,0,0,0,0,0,0.3,0,0.3,0,0,0,0,0,0,0,0,0,0,0,19.3,0,0,0,15.4,0,0,0,0,0.3,0,0,0,0,0,0,0,0,0,0,0,0.3,0.3,0.3,0,3.3,0,,13918.79452,133759.6154,,161,2,13911,2,0.6,,359.640902010716,29.9700751675597,29.9700751675597,299.700751675597
10,206,5,0,0,0.3,0,0,0,0,0,0,0,0,3.5,0.3,0,3.5,2.6,0.3,0,0,0,1.3,2.3,4.5,0,0,0,23.8,3.9,10.3,0.6,1,1,0.6,0.3,0,0,0.3,1.9,0.3,0.3,0,0.6,0,0,0,0,0,0.3,0.3,0,1,0,0,0,0,0,0,0.3,0,0,0,0,0,0,0,0,0,0,0,0.6,0,0,0,0,0,5.8,0,0.3,0,0,0,0.3,0.3,0,0,0,0.3,0,0,0.3,0,0,0,0,0,0,0,0,0,0,1.3,1.9,0,0,0,19,0,0,1.6,0,0,1,0,0,0,0,0,0,0,0.3,0,0,0,0,0,1,0,0,0,0,0,0,0.3,0,0,0,0,7.4,0,0,0,24.8,0,0,0,0,0.3,0,0,0,0,0,0,0,0,0,0,0,2.3,0,1,1.9,6.8,0,,40468.81617,420471,,104,2,9666,2,0.6,,715.628933145776,0,89.453616643222,626.175316502554
11,227,18,0,0,1.9,0,0,0.3,0,0,0,0,0,0.9,0.6,0,2.2,2.8,0.3,0,0.3,0,0.6,3.4,0.6,0,0,0,19.7,2.2,5.9,0,0.9,0,0,0,0,0,0,0.6,0.3,0,0,0,0,0,0,0.3,0,0,0,0,2.8,0,0,0,0,0,0,0.3,0,0,0,0,0,0,0,0,0,0,0,0,0,0,0.3,0,0.3,13.4,0,0,0,0,0,0.3,0,0,0,0.3,0,0,0,0,0,0,0,0,0.3,0,0,0,0.3,0,8.1,0.6,0,0,0,22.8,0,0,0.6,0,0,3.1,0,0,0,0,0,0,0,0,0,0,0,0,0,1.9,0,0,0.3,0,0,0,0,0,0,0,0,0.3,0,0,0,25.9,0,0,0,0,0.3,0,0,0,0,0,0,0,0.6,0,0,0,0.6,0.3,0.6,0.6,2.8,0,,33598.39572,376974,,48,2,9666,2,0.6,,717.914438502674,59.8262032085562,119.652406417112,538.435828877005
12,260,9,0,0,1,0,0,0,0,0,0,0,0,1,0.6,0,1.6,4.2,0,0.3,0,0,0,3.5,3.5,0,0,0,36.4,2.9,8.3,0,0.3,0,0.3,0.3,0,0,0,0.6,0,0,0,0.3,0,0,0.3,0,0,0,0,0,0.3,0,0,0,0,0.3,0,1.3,0,0,0,0,0,0,0,0,0,0,0,0,0,0.3,0,0,0,1,0,0,0,0,0,0.3,0.3,0.3,0,0,0,0,0,0,0,0,0,0,0,0,0,0.3,0.3,0,1.9,1,0,0.3,0,22.4,0,0,0.6,0.3,0,2.2,0,0,0,0,0,0,0,0.3,0,0,0,0,0,0.3,0,0,0.3,0,0,0,0,0,0,0,0,3.2,0,0,0,52.4,0,0,0,0,0,0,0,0,0,0,0,0,0,0,0.3,0,0,0.6,1,1.3,5.4,0,,13390.12987,162020.5714,,54,2,9666,1,0.7,,929.87012987013,84.5336481700118,126.800472255018,718.536009445101
13,277,7,0.3,0,0,0,0,0.3,0,0,0,0,0,0.3,1,0,2.9,7.1,0,0,0,0,0,3.6,3.2,0,0,0,26.2,1.3,8.7,0.6,1.6,0.6,0.6,0.3,0,0,0.6,0.3,0,0,0,0,0,0,0,0,0,0,0,0,1,0,0,1.3,0,0.6,0,2.9,0,0,0.6,0,0,0,0,0,0,0,0,0.6,0,0,0,0,0,2.3,0,0,0,0,0.6,0,0.6,0,0,0.3,0,0,0,0,0,0,0,0,0,0.3,0.3,0.3,0,0,1,2.6,0,0.3,0,20.7,0,0,0,0,0,1.9,0,0,0,0,0,0,0,0,0,0,0.3,0,0,1,0,0,0,0.3,0,0,0,0,0,0,0,3.6,0,0,0,35,0,0.6,0,0,0.3,0,0,0,0,0.3,0,0,0.3,0,0,0,0,1,2.9,3.2,3.6,1.3,,41266.38462,536463,,35,2,9666,1,0.6,,1628.7032967033,212.43956043956,637.318681318681,778.945054945055
14,292,8,0,0,0.3,0,0,0,0,0,0.3,0,0,0.3,0.3,0,3.6,5.9,0.3,1,0,0,0,5.3,4.6,0,0,0,28,4.3,3.3,0.3,1,0.3,0.3,0.7,0,0,0.3,0.7,0.3,0,0,0,0,0,0.3,0.3,0,0,0,0,2,0,0,0.7,0,0,0,1.3,0,0,0,0,0,0,0,0,0,0,0,0,0,0,0.3,0,0,3.9,0,0,0,0,0.3,0.3,1,0,0.3,0,0,0,0,0,0,0,0,0,0,0,0,0,0,0,3,1,0,0,0,21.1,0,0,0.7,0,0.3,1,0,0,0,0,0,0,0,0.3,0,0,0,0,0,0,0,0,0,0.3,0,0,0,0,0,0,0,3,0,0.3,0,28.6,0,0,0,0,0,0,0,0,0,0,0,0,0.3,0,0,0,0,1,0.7,3.3,7.9,0.7,,30169.84816,417249,,42,2,9666,2,0.6,,1608.61481251937,166.408428881314,110.938952587543,1331.26743105051
15,309,9,0,0,0,0,0,0,0,0,0.3,0,0,0.3,2.3,0,3.6,7.5,2.3,0,0,0,1.3,4.9,4.9,0,0,0,23.4,2.3,4.5,0.6,0.3,0.3,0.6,1,0,0,0.3,0.6,0,0,0,0,0,0,0,0,0,0,0,0,1.6,0,0,1.6,0,0.3,0,1,0,0,0.6,0,0,0,0,0,0,0,0,0,0,0,0.6,0,0,3.6,0,0,0,0,0,0.6,0,0,0.3,0,0,0,0,0,0,1,0,1,0,0,0,0,0,0,1.3,1.6,0.6,0,0,19.2,0,0,0.3,0,0,1,0,0,0,0,0,0,0,0.3,0,0,0,0,0,0,0.3,0,0.6,0.3,0,0,0,0,0.6,0,0,9.1,0,0,0,24,0,0,0,0,0.6,0,0,0,0,0,0,0,0,0,0,0,0,0.3,0,4.2,11,5.5,,40993.20988,597681,,44,2,9666,2,0.6,,1757.85634118967,50.2244668911336,0,1707.63187429854
16,333,15,0,0,0,0,0,0,0,0,0,0,0,1.3,0.3,0,3.6,8.6,0.7,0,0,0,0,8.9,0,0,0,0,21.1,1.7,0,0,1,0,0,0,0,0,0,2,0,0,0.3,0,0,0,0,0,0,0,0,0,3.3,0,0,0,0,0.7,1,0.3,0,0,0.3,0,0,0,0,0,1.3,0,0,0,0,0,0,0,0.3,1,0,0,0,0,0,0,0,0,0,0,0,0.3,0,0,0,0.3,0,0.3,0,0,0,0,1.7,0,0.7,0.7,0,0,0,35,0,0,0,0,0,1.3,0,0,0,0,0,0,0,0,0,0,0,0,0,1.3,0,0,0,0.7,0,0,0,0,0,0,0,8.3,0,0.3,0,46.5,0,0,0,0,0,0,0,0,0,0.3,0,0,0,0,0,0,0,0,0.7,38.6,0.3,17.2,,1454.915911,22202.01681,,193,2,9666,,0.6,,32.8197257892557,0,21.8798171928371,10.9399085964186
17,365,17,0,0,1.8,0,0,0,0,0,0,0,0,2,0.9,0,13.5,4.4,3.2,0,0,0,0.6,1.5,0.3,0,0,0,13.2,0.9,7.9,0.6,1.5,1.2,0,0,0.3,0,0,1.5,0,0,0,0,0,0,0,0,0,0,0,0,1.2,0,0,0,0,1.5,0,0.9,0,0,0.3,0,0,0,0,0,5,0,0,0,0,0,0.9,0,0,0.3,0,0,0,0,0,0.6,0,0,0,0,0,0,0,0,0,0.6,0,0,0,0.3,0,0,0,0,0.6,2,0,0,0,25.1,0,0,2.9,0.3,0,1.2,0,0,0,0,0,0,0,0,0.3,0.3,0,0.3,0,0,0,0,0.6,0,0,0,0,0,0,0,0,0.9,0,0,0,38.6,0,0,0,0,1.2,0,0,0,0,0,0,0,0.3,0,0,0.3,0,0,2.3,9.1,11.4,3.8,,1007.524303,15969.2602,,139,2,13911,1,0.7,,847.898949880204,0,144.323225511524,703.57572436868
18,398,16,0,0,0.7,0,0,0,0,0,0,0,0,0.4,0.4,0,3.2,4.3,1.8,1.8,0,0,1.1,1.1,1.8,0,0,0,19.9,2.1,4.6,0.4,0,0,0.4,0,0,0,0,2.8,0.4,0,0,0.4,0,0,0.4,0.4,0,0,0,0,1.1,0,0,0.4,0,0.4,0,0,0,0,0,0,0,0,0,0.4,1.8,0,0,0,0,0,0.4,0,0,1.4,0,0,0,0,0,0,0,0,0.4,0,0,0,0,0,0,0,0,0,0,0,0,0,0.7,0,0,0,0,0.4,0,40.8,0,0,2.5,0,0,1.4,0,0,0,0,0,0,0,0.4,0,0,0,0,0,0,0,0,0,0,0,0,0,0,0,0,0,10.3,0,0,0,8.2,0,0,0,0,0,0,0,0,0,0,0,0,0,0,0,0,0,0.4,1.4,8.2,2.5,9.9,,1003.799633,16432.2,,194,2,9666,,0.6,,121.746468584096,10.1455390486747,40.5821561946986,71.0187733407226
19,431,16,0,0,6.6,0,0,0.3,0,0,0,0,0,1.8,0.3,0,6,11.4,2.7,0.3,0,0,0.6,2.4,0.9,0,0,0,27.4,2.1,16,0.6,0,0,0,0.3,0,0,0.3,2.4,0,0,1.8,0,0,0,0.9,0,0,0,0,0,0.3,0,0,0.3,0,0.3,0,0,0,0,0,0,0,0,0,0,0.3,0,0,0,0,0,0.3,0,0.3,0,0,0,0,0,0,0,0,0,0,0,0,0,0,0,0,0,0,0,0,0,0,0,0,0,0.6,0.3,0,0,0,9,0,0,0.9,0,0,1.8,0,0,0,0,0,0,0,0,0,0,0,0,0,0,0,0,0,0,0,0.3,0,0,0,0,0,1.2,0,0,0,30.7,0,0,0,0,0,0,0,0,0,0,0,0,0,0,0,0,0,0,0.6,23.5,2.4,54.2,,2632.290303,44248.8,,52,2,9666,,0.6,,368.599276987141,0,73.7198553974283,294.879421589713
20,462,15,0,0,1,0.3,0,0,0,0,0,0,0,0.3,1,0,4.5,15.2,1.6,0,0,0,0,0.6,1,0.3,0,0,40.6,3.2,5.8,0,1,0,0.3,0.6,0,0,1,3.5,0,0,0.3,0,0,0,0,0.3,0,0,0,0,0,0,0,0.3,0,0.6,0,0.3,0,0,0,0,0,0,0,0,0,0,0,0,0,0,0,0,0,0,0,0,0,0,0,0,0.3,0,0,0,0,0,0,0,0,0,0,0,0,0,0,0,0,0,0.3,0.3,0,0,0,13.5,0,0,0.6,0,0,0.6,0,0,0,0,0,0,0,0,0,0.3,0,0,0,0,0,0,0,0,0,0,0,0,0,0,0,1,0,0,0,82.9,0,0,0,0,0.3,0,0,0,0,0,0,0,0,0,0,0,0,0.3,0,12.9,3.9,3.9,,3991.076805,68566.69951,,79,2,9666,,0.7,,264.528121559406,20.3483170430312,0,244.179804516375
21,493,16,0,0.3,2.6,0.3,0,0,0,0.6,0.3,0,0,0.6,0.3,0,5.1,8.3,1.6,0.3,0,0,0.3,4.5,1,0,0,0,36.7,2.6,4.2,0,0.6,0.6,0,0.3,0,0,0,1.6,0.3,0,0,0.6,0,0,0,0,0,0,0,0,0.6,0,0,0.3,0,0,0,0.6,0,0,0,0,0,0,0,0,0,0,0,0,0,0,0.3,0,0,0.3,0,0,0,0,0.3,0.6,0,0,0,0,0,0,0,0,0,0,0,0,0,0,0,0,0.3,0,0,0,0,0,0.3,15.7,0,0,1.6,0,0,4.5,0,0,0,0,0,0,0,0,0,0,0,0,0,0.6,0,0,0,0,0,0,0,0,0,0,0,1.6,0,0,0,108.3,0,0,0,0,0.3,0,0,0,0,0,0,0,0.3,0,0.3,0,0.6,0.6,1,12.1,1.9,2.2,,23805.15464,415638,,54,2,9666,,0.6,,375.906834669721,68.3466972126766,102.520045819015,205.04009163803
22,524,12,0,0,4,0,0,0,0,0,0,0,0,0,0.6,0,3.1,5.9,0.3,0.6,0,0,0.3,5.6,0.9,0,0,0,49.2,0.3,5.3,1.5,0.3,0.6,0,1.2,0,0,0,1.5,0,0,0,0.6,0,0.3,0.6,0,0,0,0,0.3,0,0,0,0,0,0.3,0,0.3,0,0,0,0,0,0,0,0,0,0,0,0,0,0,0,0,0,0.3,0,0,0.3,0,0,0,0.3,0.3,0,0.3,0,0,0,0,0,0.3,0,0.3,0,0,0,0,0,0,0,0.3,0,0,0,12.4,0,0,0,0,0,0.6,0,0,0,0,0,0,0,0.3,0,0,0,0,0,0,0.3,0,0,0,0,0,0,0,0,0,0,2.2,0,0,0,48,0,0,0,0,1.5,0,0,0,0,0,0,0,0.6,0,0,0,0.6,0.3,0.6,20.1,2.2,1.5,,54702.88625,966600,,51,2,9666,3,0.5,,429.042245081394,42.9042245081394,85.8084490162788,300.329571556976
23,549,25,0,0,14.2,0,0,0,0,0,0.3,0,0,0.3,0.6,0,0.9,5.3,0,0.3,0,0,0,5.6,0.3,0,0,0,57.3,0.6,2.2,0,0.6,0.3,0,0,0,0,0,0.3,0,0,0,0.3,0,0,0.3,0,0,0,0,0,0,0,0,0,0,0,0,0.3,0,0,0,0,0,0,0,0,0,0,0,0,0,0,0,0,0,0,0,0,0,0,0,0,0.3,0,0,0.6,0.3,0,0,0,0,0,0,0,0,0,0,0.3,0,0,0,0.3,0,0,0,5.6,0,0,0.3,0,0,0.6,0,0,0.6,0,0,0,0,0,0,0,0,0,0,0.6,0,0,0.3,0,0,0,0,0,0,0,0,1.9,0,0,0,22,0,0,0,0,5.6,0,0,0,0,0,0,0,4,0,0,0,0.3,0.3,0.9,3.1,3.7,0,,27679.16901,492966,,30,2,9666,,0.6,,964.851207186974,60.3032004491859,180.909601347558,723.63840539023
24,624,17,0,0,10.8,0,0,0,0,0,0,0,0,0.3,0,0,1.5,7.7,0.9,3.4,0,0,0.3,3.7,0.6,0,0,0,51.1,1.2,3.7,0,0.6,0.3,0,0,0,0,0,0.3,0,0,0,0,0,0,0.3,0,0,0,0,0,0.3,0,0,0.3,0,0.9,0.3,0.3,0,0,0,0,0,0,0,0,0,0,0,0,0,0.3,0,0,0,0.3,0,0,0,0,0,0,0.6,0,0,0,0,0,0,0,0,0,0,0,0,0,0,0,0,0,0,0,0,0,0,7.7,0,0,0.3,0,0,1.2,0,0,0,0,0,0,0,0,0,0,0,0,0,0.6,0,0,0,0,0,0,0,0,0,0,0,1.5,0,0,0,28,0,0,0,0,2.2,0,0,0,0,0,0,0,2.2,0,0,0,0.3,0,0,10.2,1.5,2.8,,14435.29117,266186.7692,,80,2,9666,,0.5,,131.046637744035,0,0,131.046637744035
25,683,26,0,0,11.4,0,0,1.6,0,0,0,0,0,0.3,2.6,0,3.2,8.1,1.6,0,0,0,0.6,6.8,2.3,0,0,0,17.5,2.3,12.3,0,1,1,0,0.3,0,0,0,2.3,0.3,0,0.6,0.3,0,0,0,0,0,0,0,0,0.6,0,0,0,0,0.3,0,0.3,0,0,0.3,0,0,0,0,0,0.6,0,0,0,0,0,1,0,0,1.3,0,0,0,0,0,0,0.3,0,0,0.3,0,0,0,0,0,0,0,0.3,0,0,0,0,0,0,0,0.6,0.3,0,0,14,0,0,0.3,0,0,1.6,0,0,0.3,0,0,0,0,0.6,0,0,0,0,0,0,0,0,0,0,0,0,0,0,0,0,0,2.9,0,0,0,61.4,0,0,0,0,0.3,0,0,0,0,0,0,0,0.6,0,0,0,1.3,0.3,1,15.3,2.6,4.5,,13035.509,267749.3548,,84,2,13911,1,0.6,,322.506607316734,26.8755506097278,80.6266518291835,215.004404877823
26,736,27,0,0,21.3,0,0,0,0,0,0,0,0,0,0.3,0,5.2,9.7,0.6,2.3,0,0,0.3,3.2,0.3,0,0,0,26.5,0.6,3.2,0.3,1,0.6,0,0,0,0,0.3,1,0.6,0,0,0.6,0,0,0,0,0,0,0,0,0,0,0,0.3,0,1,0,0.3,0,0.3,0.3,0,0,0,0,0,0,0,0,0.3,0,0,0,0,0.3,0.3,0,0,0,0,0.6,0,0,0,0,0.3,0,0,0,0,0,0.3,0,0,0,0,0,0,0.3,0,0.6,0.6,0,0,0,12.9,0,0,0.6,0.3,0,1.3,0,0,0,0,0,0,0,0,0,0,0,0,0,0.3,0,0,0,0,0,0,0,0.3,0,0,0,3.2,0,0,0,187.1,0,0,0,0,0,0,0,0,0,0,0,0,0.3,0,0,0,0.6,0,0.6,16.5,1,11,,8742.800678,199073.5714,,66,2,9666,,0.6,,107.198466882261,0,42.8793867529045,64.3190801293568
27,790,27,0,0.3,28.3,0.3,0,0,0,0,0.3,0,0,0,0.3,0,2.5,4.3,0.9,15.4,0.3,0,0.3,0.3,0.9,0.3,0,0,16.6,0.3,1.8,0.3,0.6,0.6,0.3,0,0,0,0,0.3,0,0.3,0,1.2,0,0,0,0,0,0,0,0,0,0,0,0.3,0.3,0.6,0,0,0,0,0.9,0,0,0,0,0,0,0,0,0,0,0,0,0,0,0.6,0,0,0,0,0,0.3,0,0,0,0.3,0,0,0,0,0,0.3,0,0,0,0,0,0,0,0,0,0.3,0,0,0,13.5,0,0,0.9,0,0,2.2,0,0.3,0,0,0,0.3,0,0.6,0,0,0,0,0,0.6,0.3,0,0,0,0,0,0,0,0,0,0,2.2,0,0,0,20.9,0,0,0,0,0,0,0,0,0,0,0,0,0.3,0,0.3,0,0.6,0,1.8,4.6,1.8,2.5,,11363.63991,291591,,42,2,9666,1,0.5,,430.508852020933,0,215.254426010467,215.254426010467
28,842,21,0,0,16.6,0.3,0,0,0,0,0.3,0,0,0,0.9,0,2.2,7.2,0.3,5.6,0,0.3,0,7.8,0.6,0,0,0,22.9,0.9,3.8,0.6,0.6,0.9,0,0.3,0,0,0,1.6,0,0,0,0,0,0,0.3,0,0,0,0,0,0.3,0,0,0,0,0,0,0.6,0,0,0,0,0.3,0,0,0,0,0.3,0,0,0,0,0,0,0.3,2.8,0,0,0,0,0,0,0.3,0,0.3,0.6,0,0,0,0,0,0,0,0,0,0,0,0,0,0,0.3,0.6,0,0,0.3,16.3,0,0,0,0,0,0.9,0,0,0,0,0,0,0,0.3,0,0,0,0,0,0.3,0.6,0,0,0,0,0,0,0,0,0,0,2.5,0,0,0,56.7,0,0,0,0,0,0,0,0,0,0,0,0.3,1.6,0,0.6,0,3.4,0.9,0.6,7.5,2.5,0.9,,22494.45585,657288,,100,2,9666,,0.6,,143.347022587269,33.0800821355236,22.0533880903491,88.2135523613963
29,887,20,0,0,8.5,0.3,0,0,0,0,0,0,0,0,1.3,0,3.4,6,0.9,2.8,0,0,0,1.9,0.9,0,0,0,26,0.6,4.1,0,0.6,0.3,0,0.3,0,0,0,0.9,0,0,0,0.3,0,0,0.3,0,0,0,0,0,0,0,0,0,0,1.3,0,0.6,0,0,0.3,0,0,0,0,0,0.3,0,0,0,0.3,0,0.3,0,0,0,0,0,0,0,0.3,0,0,0,0,0,0,0,0,0,0,0,0,0,0,0,0,0,0,0,1.3,0.6,0,0.9,0.3,30.4,0,0,0.9,0,0,1.3,0,0,0,0,0,0,0,0.3,0,0,0,0,0.6,0,0,0,0,0,0,0,0,0,0.3,0,0,6,0,0,0,52.7,0,0,0,0,0,0,0,0,0,0,0,0,1.9,0,0,0,1.3,0.3,0.6,12.2,1.9,1.3,,17348.48938,579960,,75,2,9666,1,0.5,,138.787915046366,15.4208794495962,30.8417588991923,92.525276697577
30,928,26,0,0,2.2,0.3,0,0,0,0,0.6,0,0,0.9,0.6,0,2.8,7.1,0.9,0.3,0,0,0.9,0.6,0.9,0,0,0,40.4,0.6,5.6,0.6,0.9,0,0,0.3,0,0,0,0.9,1.2,0,0,0,0,0,0,0,0,0,0,0,0.6,0,0,0.3,0,1.2,0,0,0,0,0,0,0,0,0,0,0,0,0,0.3,0,0,0,0,0,0,0,0,0,0,0,0,0.3,0,0.3,0.9,0,0.3,0,0,0,0.6,0,0,0,0,0,0,0,0,0.9,0,0,0,0.3,20.7,0,0,0.3,0,0,3.1,0,0,0,0,0,0,0,0.3,0,0,0,0,0,0.3,0.3,0,0,0,0,0,0,0,0,0,0,7.7,0,0,0,19.8,0,0,0,0,0.9,0,0,0,0,0.3,0,0,0.3,0,0,0,0.9,0,0,100,0.6,3.1,,17956.06891,687897,,43,2,9666,,0.6,,39.11784524048,0,0,39.11784524048
31,979,24,0,0.3,0,0,0,0,0,0,0.3,0,0,0.7,1,0,3.7,9.3,1.3,0.3,0,0,0.3,0.7,0.7,0,0,0,41.2,0.7,3.7,0.7,1,0,0,0,0,0,0,1.3,0.3,0,0,0,0,0,0,0,0,0,0,0,0.3,0,0,0,0,0.3,0.3,0,0,0,0,0,0,0,0,0,0,0,0,0,0,0,0,0,0,2.7,0,0,0,0,0,0,0,0.3,0,1,0,0,0,0,0,0,0.3,0.3,0,0,0,0,0,0,0.7,0,0.7,0,0.3,21.9,0,0,1,0.3,0,1,0,0,0.3,0,0,0,0,0.3,0,0.3,0,0,0,0,0,0,0,0,0,0,0,0,0,0,0,9.3,0,0,0,8.3,0,0,0,0,4.7,0,0,0,0,0,0,0,0.7,0,0,0,1.7,0,0,158.8,1,14.3,,9478.631699,415638,,66,2,9666,,0.5,,40.0787809681766,0,0,40.0787809681766
32,1029,25,0,0.7,1.6,0.3,0,0,0.3,0,0,0,0.3,1.3,1.3,0,2.9,9.4,3.9,0.7,0,0,0,1.3,0.7,0,0,0,18.9,2.3,14,0.3,2.3,2.9,0.3,0.3,0,0,0,2,0.3,0,0,0,0,0,0,0,0,0,0.7,0,0,0,0,0.3,0,1,0,0.7,0,0,0.3,0,0,0,0,0,0.3,0,0,0,0,0,1,0,0.7,0,0,0,0.3,0,0,0,1.6,0,0.3,0.3,0,0,0,0,0.3,0.3,0,0,0,0,0,0,0,0,0,0.3,0,0,0,19.2,0.3,0,0,0,0,3.6,0,0,0,0,0,0,0,0,0,0,0,0,0,0,0,0,0,0,0,0,0,0,0,0,0,9.1,0,0,0,4.9,0,0,0,0.3,0.7,0,0,0,0,0,0,0,0.3,0,0,0,0,0,0,87.3,1,6.5,,4920.907411,246340.625,,82,2,13911,1,0.6,,33.8886019703186,0,0,33.8886019703186
33,1079,25,0,0,0.3,0,0,0.3,0,0,0,0,0,0.3,1.7,0,4,7.3,1.7,0.3,0,0,0.7,2.3,0.3,0,0,0,31.4,1,6.6,0,0.3,0.7,0,0,0,0,0,2.3,0,0,0,0,0,0,0.7,0,0,0,0,0,0,0,0,0,0,0.3,0,1,0,0,0,0,0,0,0,0,0.3,0,0,0,0,0,0.7,0,0.3,0.3,0,0,0,0,0,0,0,0,0.3,0,0,0,0,0,0,0,0,0,0,0,0,0,0.3,0,0.7,0.3,0,0,0,28.4,0,0,0.7,0,0,3.6,0.3,0,0,0,0,0.3,0,0,0,0,0,0,0,0,0,0,0,0,0,0,0,0,0,0,0,23.4,0,0.3,0,5.6,0,0,0,0.3,0,0,0,0,0,0,0,0,0,0,0,0,3,0.3,1.3,25.1,2.6,0,,4260.505164,242550.559,,121,2,9666,,0.7,,52.1189364266189,4.00914895589376,16.0365958235751,32.0731916471501
34,1131,24,0,0,1,0,0,0,0,0,0,0,0,0,1,0,2.9,3.2,0.6,0.3,0,0,0,3.2,0.3,0,0,0,34.5,2.9,4.8,0.3,1.6,0,0,0,0,0,0,2.6,0.6,0,0,0.3,0,0,0,0,0,0,0,0,0.3,0,0,0.3,0,1.3,0,0.3,0,0,0.3,0,0,0,0,0,0,0,0,0,0,0,0.3,0,0,0.3,0,0,0,0,0,0.3,0,0.3,0.3,0,0,0,0,0,0,0,0,0,0,1,0,0,0,0,0.3,0.6,0,0,0,29.4,0,0,1.9,0,0,1.3,0,0,0.3,0,0,0,0,0.3,0.3,0,0,0,0,0,0,0,0,0,0,0,0,0,0,0,0,9.7,0,0.3,0,9.7,0,0.3,0,0.3,0.3,0,0,0,0,0,0,0,0,0,0,0,5.8,0,0,28.7,2.9,0.3,,13015.96029,839008.8,,48,2,9666,,0.5,,112.46509463233,0,0,112.46509463233
35,1269,116,0,0,0,0.3,0,0,0,0,0.3,0,0,0,0.9,0,5.9,2.5,0.3,0.3,0,0,0,4,0.3,0,0,0,28,1.2,9.6,0,1.2,0.6,0,0.3,0,0,0.3,1.2,0.3,0,0,0.3,0,0,0,0.3,0,0,0,0,0.9,0,0,0,0,0.3,0,0.6,0,0,0,0,0,0,0,0,0.3,0,0,0,0,0,0,0,0,0.9,0,0,0,0,0,0.3,0.3,0,0,0.3,0,0,0,0,0,0,0,0,0,0,0,0,0,0,0.6,0.6,0,0,0,28.6,0,0,2.8,0.6,0,3.4,0,0,0,0,0,0,0,0.6,0,0,0,0,0,0,0.3,0,0,0,0,0,0,0,0,0,0,13.7,0,0,0,20.8,0,0,0,0,0.3,0,0,0,0,0,0,0,0.3,0,0,0,1.6,0,0.3,31.1,0.9,1.6,,3318.958333,238965,,84,2,9666,,0.6,,21.3095238095238,0,5.32738095238095,15.9821428571429
36,1500,115,0,0,1.8,0.3,0,0,0,0,0,0,0,0,1.2,0,3,5.4,0.3,0.3,0,0,0,3.9,2.1,0,0,0,29,0.9,8.7,0.3,0.9,0.6,0.3,0,0,0,0.3,1.2,0.6,0,0,0,0,0,0,0,0,0,0,0.6,1.5,0,0,0.3,0,0,0,0.9,0,0,0,0,0.3,0,0,0,0,0,0,0,0,0,0,0,0.6,0.6,0,0,0,0,0.3,0.3,0.6,0,0,0,0,0,0,0,0,0,0,0.3,0,0,0,0,0,0,0,0.3,0.3,0,0,24.5,0,0,2.7,0,0.3,4.5,0,0,0.3,0,0,0,0,0,0,0,0,0,0,0,0,0,0,0,0,0,0,0,0,0,0,7.2,0,0.3,0,33.7,0,0,0,0,0,0,0,0,0,0,0,0,0.6,0,0,0,1.8,0,0.3,22.4,1.8,2.4,,5260.660776,410805,,64,2,9666,1,0.6,,45.1282174414138,0,6.44688820591625,38.6813292354975
37,1727,115,0,0.3,3.6,0.7,0,0,0,0,0,0,0.3,0,1.3,0,2.6,3.9,0,0.7,0,0,0,1.3,1,0,0,0,20.9,1.3,5.9,0.3,0.3,0.3,0.7,0.3,0,0,0,0.3,0,0,0,0,0,0,0,0,0,0,0,0,2,0,0,0.7,0,0,0,0.7,0,0,0,0,0,0.3,0,0,0,0,0,0,0,0,0,0,0,2.6,0,0,0,0,0,0,0.3,0,0.3,0.3,0,0,0,0,0,0,0.3,0,0,0.3,0,0,0,0,1,0.3,0,0,0.3,35.6,0,0,1.6,0,0,5.2,0,0,0.7,0,0,0,0.3,0.7,0,0,0,0,0.3,0,0,0,0,0,0,0,0,0,0,0,0,7.2,0,0.3,0,36.9,0,0,0,0,0,0,0,0,0,0.3,0,0,0,0,0.3,0,0.3,0.7,4.2,89.2,4.2,17,,5928.386394,489744,,81,2,9666,1,0.5,,161.78832264052,11.5563087600371,75.1160069402413,75.1160069402413
38,1954,112,0,0.3,4.3,0,0,0,0,0,0,0,0,0,2.6,0,5,6,0.7,0.3,0,0,0.7,4.6,1.3,0,0,0,27.5,1.7,4,0.3,0.7,0,0,0,0,0,0.3,0.7,0,0,0,0.3,0,0,0,0,0,0,0,0,0.7,0,0,0,0,0.7,0,0,0,0,0,0,0,0,0,0,0,0,0,0,0,0,0,0,0,0.7,0,0,0,0,0.7,0,0,0,0.3,2.6,0,0,0,0,0,0,0.3,0,0,0,0,0.3,0,0,0.7,1,0.3,0.3,0,23.2,0,0,1,0,0,3.6,0.3,0,0,0,1,0,0,0.3,0,0.3,0,0,0,0,0,0,0,0,0,0,0,0.3,0,0,0,4.6,0.3,0,0.3,48.7,0,0,0,0,0.3,0,0,0,0,0.3,0,0,0,0,0,0,0,1.7,4.3,92.4,26.5,7.3,,6005.012853,513909,,65,2,9666,,0.6,,567.630826756791,28.9607564671832,75.2979668146763,463.372103474931
39,2180,113,0,0,4.1,0,0,0,0,0,0.6,0,0,0,3.8,0,2.5,6,0.9,0,0,0,0,5.4,0,0,0.3,0,27.5,1.6,7.9,0,0.9,0,0,0,0,0,0.3,1.6,0.3,0,0,0,0,0,0,0,0,0,0,0,0,0,0,0.6,0,0.3,0,1.6,0,0,0,0,0.6,0,0,0,0,0,0,0,0,0,0.3,0,0.6,0.9,0,0,0,0,0.3,0,0.3,0,0.3,0.3,0,0,0,0,0,0,0,0.3,0,1.6,0,0,0,0,0.3,0,0,0.3,0,23.1,0,0,0.9,0.3,0,1.9,0,0,0,0,0.3,0,0,0.3,0,0.3,0,0,0,0,0,0,0,0,0,0,0,0,0,0,0,4.4,0,0,0,39.9,0,0,0,0,0,0,0,0,0,0,0,0,0.6,0,0.6,0,0,0.3,4.7,66.5,1.9,3.8,,3502.844828,304747.5,,53,2,9666,,0.6,,153.728041639558,6.98763825634353,104.814573845153,41.9258295380612
40,2388,95,0,0,10.7,0,0,0.3,0,0,0.3,0,0.3,0.7,3.6,0,2.3,7.8,0.7,1,0,0,0.7,10.1,2,0,0,0,23.8,2.6,8.5,0,0.3,1.6,0,0,0,0.3,0,1,0.3,0,0,0,0,0,0,0.3,0,0,0,0,0,0,0,1,0,0.3,0,0,0,0,0,0,0,0,0,0,0,0,0,0,0,0,0,0,0,0.3,0,0,0,0,0,0,0.3,0,0.3,0.3,0,0,0,0,0,0,0,0,0,0.3,0,0,0,0,0,1,0,0,0,14.7,0,0,1,0,0,1.3,0,0,0,0,0,0,0,0,0,0,0,0,0,0,0,0,0,0,0,0,0,0,0,0,0,6.8,0,0,0,24.4,0,0,0,0,0.3,0,0,0,0,0,0,0,0.7,0,0,0,0,0,0.7,93.8,2.6,1.6,,7207.772021,625995,,61,2,13911,,0.5,,105.031286276508,0,21.0062572553017,84.0250290212067
41,2574,90,0,0,13.5,0,0,0,0,1.2,0.3,0,0,0,4,0,3.2,6.3,0.9,0.3,0,0,0,7.2,1.7,0,0,0,22.5,1.7,5.5,0,0.9,0.9,0,0.3,0,0,0,0.9,0.3,0,0,0,0,0,0.3,0,0.3,0,0,0.3,0.3,0,0.3,0,0,0.9,0,0,0,0,0,0,0.3,0,0,0,0.3,0,0,0.3,0,0,0,0,0,0,0,0,0,0,0,0,0.9,0,0.3,0.3,0,0,0.3,0,0,0.3,0,0.3,0,1.2,0,0,0,0,0.9,0,0,0,0,17.9,0,0,1.2,0,0,1.4,0,0,0,0,0,0,0,0,0,0,0,0,0,0.3,0.3,0,0,0,0,0,0,0,0,0,0,4.3,0.3,0,0,29.1,0,0,0.3,0,0,0,0,0,0,0,0,0,0.9,0,1.7,0,0.3,0.3,0.3,76.4,0,0.9,,5032.010333,428526,,39,2,9666,1,0.6,,19.4023918777324,9.70119593886621,9.70119593886621,0
42,2754,91,0,0.3,12.9,0,0,0.3,0,0.9,0,0,0.3,0,3.9,0.3,2.7,5.4,0.6,0,0,0,0.3,5.1,1.5,0,0,0,34.4,1.8,3.9,0.6,0,0.3,0.3,0.6,0,0,0.3,0.6,0.9,0,0,0,0,0,0,0,0,0,0,0,0.3,0,0,0,0,0.3,0,0.3,0,0,0.3,0,0,0,0,0,0,0,0,0,0,0,0,0,0,0.3,0,0,0,0,0,0,0.3,0,0,0.3,0,0,0,0,0,0.3,0,0,0,0,0,0,0,0.3,0.3,0.3,0.3,0,0,16.2,0,0,0.3,0,0,1.2,0.3,0,0,0,0,0,0,0,0,0,0,0,0,0,0,0,0,0,0.3,0,0,0,0,0,0,8.7,0,0,0,75.1,0,0,0,0.3,0,0,0,0,0,0.3,0,0,0.3,0,1.2,0,0.3,0,0.3,45.2,0,0.9,,7514.065934,615402,,28,2,9666,2,0.6,,14.0502354788069,0,14.0502354788069,0
43,2935,100,0,0,5.4,2.7,0,0,0,0,0.3,0,0,0,3.3,0,2.4,6.8,0.3,0.3,0,0,0,4.6,2.4,0,0,0,29.5,2.7,6.2,0,0.5,0.8,0,0.3,0,0,0,1.6,0.3,0,0.3,0,0.3,0,0.3,0,0.3,0,0,0,0,0,0,0.8,0,0.8,0,0,0,0,0.3,0,0.3,0,0,0,0,0,0,0,0,0,0,0,0.3,0.3,0,0,0,0,0,0,0,0,0.5,0,0,0,0,0,0,0.3,0,0.3,0,0.3,0,0,0,0,0,0,0,0,0,21.1,0,0,0.3,0,0,2.2,0,0,0,0,0,0,0,0.3,0,0.3,0.3,0,0,0,0,0,0,0,0,0,0,0,0,0,0,6.8,0.3,0,0,48.5,0,0,0,0.3,0,0,0,0,0,0,0,0,0.8,0,0,0,0.3,0,0.5,29.8,0,7.3,,4990.35932,384706.8,,18,2,9666,2,0.5,,55.7270722532105,0,55.7270722532105,0
44,3125,92,0,0,12.8,0,0,0,0,0,0,0,0,0,2.9,0,2.9,6.4,1.2,0,0,0.3,0.6,3.5,4.1,0,0,0,27.8,6.4,4.9,0,0.6,0.3,0,0.6,0,0,0,2,0,0,0,0,0,0,0,0,0.3,0,0,0,0,0,0,0.6,0,1.2,0,0,0,0,0,0,0,0,0,0,0,0,0,0,0,0,0.3,0,0,0,0,0,0,0,0.3,0,0.3,0,0,0,0,0,0,0,0,0,0,0.3,0,0.3,0,0,0,0,0.3,0,0,0,0,17.1,0,0,0.3,0,0,1.2,0,0,0,0,0,0,0,0,0,0,0,0,0,0,0.3,0,0,0,0,0,0,0,0.3,0,0,5.5,0.3,0,0,15.7,0,0,0,0,0,0,0,0,0,0,0,0,0,0,0.6,0,2.9,0,1.4,10.7,0.6,6.7,,10756.60669,765225,,26,2,9666,2,0.6,,121.937241841656,0,87.0980298868969,34.8392119547588
45,3250,33,0,0.3,10.5,0,0,0,0,0,0.3,0,0,0,3.5,0,2,8.5,0.9,0,0,0,0,0.6,1.8,0,0,0.3,33.3,4.1,7,0,0.3,0,0,0,0,0,0,4.4,0.3,0,0,0.3,0,0,0,0,0,0.3,0,0,0,0,0,0,0,0,0,0,0,0,0,0,0.3,0,0,0,0,0,0,0,0,0,0,0,0.6,0.6,0.3,0,0,0.3,0.6,0,0,0,0.3,0,0,0,0,0,0,0.3,0,0.3,0,0.3,0,0,0,0,0,0,0,0,0,13.5,0,0,0.9,0,0,2,0,0,0,0,0,0,0,0.6,0,0,0,0,0.3,0.3,0,0,0,0,0,0,0,0,0,0,0,2.6,0.3,0,0,34.5,0,0,0,0,0,0,0,0,0,0.6,0,0,0.3,0,0.3,0,0.6,0,0.3,12.6,0.9,2,,7823.228189,508431.6,,20,2,9666,1,0.5,,118.984459147561,0,29.7461147868903,89.2383443606709
46,3317,33,0,0,0.6,0,0,0,0,0,0,0,0,0,5.1,0,3.3,16.6,2.1,0,0,0,0,1.2,1.2,0,0,0,35.3,4.2,7.9,0,0.6,0.9,0,0,0,0,0,1.8,0,0,0,0,0,0,0,0,0,0,0,0,0,0,0,0.6,0,0.6,0,0.9,0,0,0,0,0,0,0,0,0,0,0,0,0,0,0,0,0,0,0,0,0,0,0,0,0,0,0.3,0,0,0,0,0,0,0.3,0.3,0.3,0,0,0,0,0,0,0,0,0,0,0,14.2,0,0,0,0,0,0.9,0,0,0,0,0,0.3,0,0,0,0,0,0,0.3,0,0,0,0,0,0,0,0,0,0,0,0,2.7,0,0,0,59.8,0,0,0,0,0.3,0,0,0,0,0,0,0,0,0,0,0,0,0,0.9,5.4,1.2,0,,7739.386712,454302,,37,2,9666,2,0.6,,103.844560062618,0,44.5048114554077,59.3397486072103
47,3383,34,0,0,0,0,0,0,0,0,0.3,0,0,0,3.5,0,6.5,17.4,3.2,0.6,0,0,0.3,1.9,2.3,0.6,0,0,25.8,3.2,5.2,0.6,1,1.6,0.6,0.3,0,0,0,2.9,0.3,0,0,0.3,0,0,0,0.3,0,0,0,0,0,0,0,0.3,0,0,0,0.3,0,0,0.3,0,0.3,0,0,0,0,0.3,0,1.3,0,0,0,0,0,0.3,0,0,0,0,0.3,0,0.3,0,0.3,0,0,0,0,0,0,0.3,0.3,0.3,0,0,0,0,0,0,0,0,0,0,0,11.6,1.3,0,0.3,0,0.3,1.3,0,0,0,0,0,0.3,0,0.3,0,0,0,0,0.3,0,0,0,0,0,0,0,0,0,0,0,0,6.1,0.3,0,0,40,0,0,0,0,0,0,0,0,0,0.6,0,0,0,0,0,0,0,0.6,1.3,4.2,8.1,0.6,,1823.38865,95326.75862,,75,2,9666,,0.5,,305.68324407039,19.7214996174445,39.4429992348891,246.518745218057
48,3451,31,0,0,1.6,0,0,0.6,0,0,0.6,0,0,0,6.3,0,7.5,12.5,4.4,0.3,0,0,0.9,1.9,4.4,0,0,0,14.1,3.1,13.8,0,1.6,1.3,0,0,0,0,0,2.5,0.6,0,0,0,0,0,0,0.3,0,0,0,0,0,0,0,0,0,0,0,0,0,0,0,0,0,0,0,0,0,0,0,0.6,0,0,0.3,0,0.6,0,0,0,0.3,0,0,0,0,0,0,0.6,0,0,0,0,0,0.3,0,0,0,0,0,0,0,0,0.3,0,0.3,0,0,13.5,0,0,0.3,0,0,4.4,0,0,0,0,0,0,0,0,0,0,0,0,0,0,0,0,0,0,0,0,0,0,0,0,0,0.9,0,0,0,42.9,0,0,0,0,0.3,0,0,0,0,0,0.3,0,0,0,0,0,0,0,5,4.7,12.9,0.3,,2945.130056,134651.3462,,95,2,13911,,0.6,,608.530183727034,0,170.815490168992,437.714693558042
49,3514,33,0,0.5,1,0,0,0,0,0,0,0,0,0,3.4,0,1.5,21,2,0.5,0,0,0,1,1.5,0.5,0,0,28.3,0.5,3.4,0,1.5,0.5,0,0,0,0,0,0,0,0,0,0,0,0,0,0,0,0,0,0,0,0,0,0,0,0.5,0,0,0,0,0,0,0,0,0,0,0,0,0,0,0,0,0,0,0,0,0,0,0,0,0,0,0,0,0,0,0,0,0,0,0,0,0,0,0,0,0,0,0,0,0.5,0.5,0,0.5,0,29.3,0,0,0,0,0,1.5,0,0,0,0,0,0,0,0.5,0,0,0,0,0,0,0,0,0,0,0,0,0,0,0,0,0,3.4,0,0,0,57.6,0,0,0,0,0,0,0,0,0,0,0,0,0,0,0.5,0,0,0,2,2.9,5.4,1,,3519.317124,137358.9474,,281,2,9666,3,0.6,,44.0668415481111,0,11.751157746163,32.3156838019481
50,3554,8,0,0.3,0.6,0,0,0.3,0,0,0,0,0,0,3.8,0,3.2,20.7,3.2,0.3,0,0,0.3,1,0.6,0,0,0,21.7,1.3,2.5,0,0.3,0.3,0.3,0,0,0,0,0.3,0.3,0,0,0,0,0.3,0,0,0,0,0,0,0,0,0,0,0,0.6,0,0,0,0,0,0,0,0,0,0,0,0,0,0.3,0,0,0.3,0,0,0.6,0,0,0,0,0.6,0,0,0,0,0,0,0,0,0,0,0,0,0,0,0,0,0,0,0,0,0,0,0,0,33.1,0,0,0,0,0,1.9,0.6,0,0,0,0,0,0,0,0,0,0,0,0,0,0,0,0,0,0,0,0,0,0,0,0,3.5,0,0,0,36.9,0,0,0,0,0,0,0,0,0,0,0,0,0,0,0,0,0,0,1,2.5,1.3,0,,37207.49306,1206639,,82,2,9666,3,0.6,,84.8130682971955,0,36.3484578416552,48.4646104555403
51,3569,7,0,0.4,0.8,0,0,0,0,0,0,0,0,0.4,4.3,0,3.9,15.6,1.2,0,0,0,0.4,0.4,0.8,0,0,0,28.5,1.6,2.3,1.2,0.8,0,0,0.4,0,0,0,2,0,0,0,0,0,0,0,0,0,0,0,0,0.8,0,0,0.4,0,0,0,0.4,0,0,0,0,0,0,0,0,0.4,0,0,0.4,0,0,0,0,0,0,0,0,0,0,0,0,0,0,0,0,0,0,0,0,0,0,0,0,0,0,0,0,0.4,0,0,0.4,0,0,0.4,28.1,0,0,0,0,0,2.7,0.4,0,0,0,0,0,0,0,0,0,0.4,0,0,0,0,0,0,0,0,0,0,0,0,0,0,3.5,0.4,0,0,51.2,0,0,0,0,0,0,0,0,0,0.4,0,0,0.8,0,0,0,0,0,0,0,0,0,,13931.9864,368919,,308,2,9666,,0.6,,0,0,0,0
52,3604,6,0,0,1.3,0,0,0.7,0,0,1,0,0.3,0,4.9,0,4.2,20.2,1.3,1,0,0,0,0.3,0.7,0,0,0.3,20.2,1,2.3,0,0,1,0,0.7,0,0,0,2,0,0,0,0,0,0,0,0,0,0,0,0,1,0,0,1,0,0.7,0,0.3,0.3,0,1,0,0.3,0,0,0,0.3,0,0,0,0,0,0,0,0,0.3,0,0,0,0.3,0,0,0.7,0,0,0,0,0,0,0,0,0,0.3,0,0,0,0,0,0,0,0,0,0.3,0,0,26.7,0,0,0,0,0,2.6,0,0,0,0,0,0,0,0,0,0,0,0,0,0,0.3,0,0,0.3,0,0,0,0,0,0,0,7.2,0.3,0,0,91.9,0,0,0,0.3,0.3,0.3,0,0.3,0,0.3,0,0,0,0,0,0,1.6,0,0.7,7.2,0.3,0.3,,28396.91358,414027,,131,2,9666,2,0.6,,50.6078597681651,0,33.7385731787768,16.8692865893884
53,3622,7,0,0,0.6,0,0,0,0,0,0.6,0,0.3,0,3.9,0,6.6,19.8,3.3,0.9,0,0,0,0.6,0.9,0,0,0,15.3,1.5,5.1,0.3,0.6,1.2,0,0.3,0,0,0,2.1,0.3,0,0,0.3,0,0,0,0,0,0,0,0.3,0.3,0,0,0.6,0,0.3,0,0,0,0,0,0,0,0,0,0,0,0,0,0.3,0,0,0,0,0,0,0,0,0,0,0,0,0,0,0.6,0.3,0,0,0,0,0,0,0,0,0,0,0,0,0,0,0.3,0.3,0,0,0,28.1,0,0,0.3,0,0,3.3,0,0,0,0,0,0,0,0,0,0,0,0,0,0.3,0,0,0,0,0,0,0,0,0.3,0,0,8.4,0,0,0,62.6,0,0,0,0,0,0,0,0,0,0.3,0,0,0,0,0,0,0.9,0,0,13.2,0,0,,100640.7181,953067.6,,90,2,9666,3,0.5,,0,0,0,0
54,3635,7,0,0,3.3,0,0,0,0,0,0,0,0,0,6.2,0,6.6,18.4,1.6,0.7,0,0,0.3,1.3,0.3,0,0,0,16.4,2.6,1.3,0,0,1,0,0.3,0,0,0,3.6,0.7,0,0,0,0,0,0,0,0,0,0,0,0.3,0.7,0,0.3,0,0,0,0,0,0,0.3,0,0,0,0,0,0,0,0,0,0,0,0,0,0,0,0,0,0,0,0,0,0,0,0,0,0,0,0,0,0,0,0,0,0,0.7,0,0,0,0,0,0,0,0,0.3,29.2,0,0.3,0.7,0,0,1.6,0,0,0,0,0,0,0,0.7,0,0,0,0,0,0,0,0,0.3,0,0,0,0,0,0,0,0,9.2,0,0,0,41,0,0,0,0,0,0,0,0,0,0,0,0,1,0,0,0,0.3,0,0,17.4,0,0,,69079.84761,478032.5455,,180,2,13911,,0.5,,0,0,0,0
55,3649,7,0,0,0.6,0,0,0,0,0,0,0,0,0.3,3.5,0,5.1,16.9,2.6,0.6,0,0,0,0,1,0,0,0,15,3.5,2.6,0.3,1,2.2,0.3,0,0,0,0,2.6,0,0,0,0,0,0,0,0,0,0,0.3,0,0,0,0,0,0,0,0,0,0.3,0,0,0,0.3,0,0,0,0,0,0,0,0,0,0,0,0.3,0.3,0,0,0,0,0,0,0.6,0,0.3,0,0,0,0,0,0,0.3,0,0.3,0,0,0,0,0,0,0.3,0.6,0.3,0,0,31,0,0,0.3,0,0.3,4.8,0,0,0,0,0.3,0,0,0.6,0,0,0,0,0,0,0,0,0,0,0,0,0,0,0,0,0.3,6.1,0,0,0,39.3,0,0,0,0.6,0,0,0,0,0,0.3,0,0,0.3,0,0,0,0.3,0.3,0,16.6,0,0,,84385.71429,425304,,60,2,9666,,0.6,,106.547619047619,106.547619047619,0,0
56,3663,7,0,0.7,1.6,0.7,0,0,0,0.3,0,0,0,0.3,4.6,0,3.6,15.7,2.3,0.3,0,0,0.3,0,0.3,0,0,0,16.7,2,3.9,0,0.7,1,0,0.3,0,0,0,2.6,0,0,0,0.3,0,0,0,0,0,0,0.3,0,0,0,0,0,0,0,0,0,0.3,0,0,0,0,0,0,0,0.3,0,0,0,0,0,0.3,0,0.7,0.3,0,0,0,0,0,0,0.7,0,0.7,0,0,0,0,0,0,0,0,0.7,0,0.7,0,0,0,0,0,0,0,0.3,0,31.5,0,0,2,0,0,2.6,0,0,0,0,0,0,0,0,0,0,0,0,0,0,0,0,0,0.3,0,0,0,0,0,0.7,0,8.9,0,0,0,39,0,0,0,1.6,0,0,0,0,0,0,0,0,0,0,0,0,0,0,1.6,12.5,0.7,0,,316843.9481,1219849.2,,46,2,9666,,0.5,,1528.22134387352,0,1091.58667419537,436.634669678148
57,3676,7,0,0,0.7,0.3,0,0,0,0,0,0,0,0,3.6,0,3.6,22.5,2.6,0,0,0,0.3,0.3,1,0,0,0,16.6,0.3,2,0,1,2.3,0,0.7,0,0,0,3.9,0.3,0,0,0,0,0,0,0.3,0,0,0.3,0.3,0,0,0,0,0,0.3,0,0.3,0,0,0,0,0,0,0,0,0,0,0,0.7,0,0,0.3,0,0.3,0,0,0,0,0,0.3,0.3,0.7,0,0,0.3,0,0,0,0.3,0,0,0,0,0,0,0,0,0,0,0,0,0,0,0,27.7,0,0,2.9,0,0,2.3,0,0,0,0,0,0,0,0,0,0,0,0,0,0,0,0,0,0.3,0,0,0,0,0,0,0,9.1,0,0,0,41.4,0,0,0,4.2,0,0,0,0,0,0.3,0,0,0,0,0,0,0,0,1.6,13.7,0,0,,182870.2703,608958,,79,2,9666,,0.6,,612.384536435169,0,612.384536435169,0
58,3689,7,0,0.3,0.3,0,0,0,0,0,0,0,0,0,5.2,0,3.6,20.2,5.5,0.3,0,0,1.3,0.3,1.3,0,0,0,25.1,1,6.8,0.3,0,0,0.3,0,0,0,0,3.9,0.7,0,0.3,0.3,0,0,0,0,0,0,0,0,0,0,0,0,0,0.3,0,0,0,0,0,0,0,0,0,0,0,0,0,0.3,0,0,0,0,0,0.3,0,0,0,0,0.3,0,0,0,0.3,0.3,0,0,0,0,0,0,0,0,0,0,0,0,0,0,0,0.3,0,0.3,0,17.3,0,0,0.3,0,0,1.6,0.3,0,0,0,0,0,0,0,0,0,0,0,0,0,0,0,0,0,0,0,0,0,0.7,0,0,9.8,0.3,0.3,0,28.3,0,0,0,7.5,0,0,0,0,0,0,0,0,0.3,0,0.3,0,0,0,1.3,24.4,0.3,0,,108118.1763,355708.8,,59,2,9666,,0.5,,995.930142702591,0,796.744114162073,199.186028540518
59,3716,6,0,0.3,8.2,0,0,0,0,0.3,0,0,0.3,0.6,1.7,0,3.2,7,1.7,0,0,0,0.6,4.1,3.2,0,0,0,23,1.7,6.7,0.3,0,1.7,0,0.3,0,0,0,2,0,0,0,0,0,0,0.3,0,0,0,0,0,0.3,0,0,0,0,0.6,0,0,0.3,0,0,0,0,0,0,0,0,0,0,0,0,0,0,0,0,0,0,0,0,0,0.3,0.6,0.6,0,0.3,0,0,0,0,0,0,0,0.6,1.2,0,0.3,0,0,0,0,0,0,0,0,0,24.2,0,0,1.2,0,0,2,0,0,0,0,0,0,0,0.3,0,0,0,0,0,0,0,0,0,0,0,0,0,0,0,0,0,12,0,0,0,29.2,0,0,0,0,0,0,0,0,0,0,0,0.3,0.3,0,0,0,1.2,0.3,0.6,19.2,1.2,3.2,,73978.63751,242649.931,,77,2,9666,,0.5,,1071.61862527716,153.088375039595,306.176750079189,612.353500158378
60,3744,6,0,0.3,8.1,0,0,0,0,0,0,0,0,0.3,1.9,0,4.1,7.6,1.1,0.5,0,0,0,4.3,2.2,0.3,0,0,21.9,2.4,3,0.3,1.1,1.1,1.6,1.4,0,0,0,2.2,0,0.3,0.3,0,0.5,0,0,0,0,0,0.5,0,0.5,0,0,0.8,0,0.5,0,0.3,0,0,0.3,0,0,0,0,0,0.3,0,0,0,0,0,0.3,0,0,0.3,0,0,0,0,0.5,0,0.3,0,0.5,0.5,0,0,0,0,0,0,0,0,0,0,0,0,0,0,0.3,0,0,0,0,23,0,0.3,0.3,0,0.3,1.4,0,0,0,0,0,0.3,0,1.1,0,0,0,0,0,0,0.5,0,0,0,0,0,0,0,0.5,0,0,10.5,0,0,0,30,0,0,0,0,0.3,0,0,0,0,0,0,0,0,0.3,0,0,0.3,0,0.3,15.9,1.4,4.1,,109291.3931,358475.7692,,87,2,13911,2,0.6,,974.978973927671,0,162.496495654612,812.482478273059
61,3769,7,0,0.3,10.2,0,0,0.3,0,0,0,0,0.3,0,1.8,0,2.7,7.5,1.2,1.2,0,0,0.6,5.1,1.2,0,0,0,26.4,2.4,4.5,0.6,0.3,1.2,0,0.6,0,0,0.6,0.6,0,0,0.3,0,0,0,0.3,0,0,0,0,0,0.6,0,0,0.6,0,0,0,0.3,0,0,0.6,0,0,0,0,0,0,0,0,0,0,0,0,0,0,0.9,0.3,0,0,0,0,0,0.3,0,0.3,0.3,0,0,0,0,0,0.6,0,0,0,0.3,0,0,0,0,0,0,0,0,0,21.6,0,0,0.9,0,0,1.2,0,0,0,0.3,0,0,0,0.3,0,0,0,0,0,0,0,0,0,0,0,0,0,0,0.3,0,0,15,0,0,0,26.1,0,0.3,0,0,0,0,0,0,0.3,0.3,0,0,0.3,0,0,0,0.9,0,0.3,16.8,0.6,3.9,,116895.7317,383418,,88,2,9666,,0.6,,334.880820399113,0,111.626940133038,223.253880266075
62,3795,7,0,0.3,4.9,0,0,0,0,0,0,0,0.3,0.3,2,0,2.3,6.4,0.6,1.2,0,0,0,5.8,1.7,0,0,0,28.7,3.8,4.6,0,0.3,1.2,0,0,0,0,0,1.2,0,0,0,0.3,0,0,0,0.3,0,0,0.3,0,0.6,0,0,0,0,0.3,0,0.3,0.3,0,0,0,0,0,0,0,0,0,0,0,0,0,0,0,0,1.2,0,0,0,0,0,0.3,0.3,0,0.6,0,0,0,0,0,0,0,0,0,0,1.2,0,0,0,0,0,0.3,0,0,0,25.5,0,0,0.6,0,0,1.4,0,0,0,0,0,0.6,0,0.3,0,0,0,0,0,0,0,0,0,0,0,0,0,0,0,0,0,11,0,0,0,20,0,0,0,0,0,0,0,0.3,0,0,0,0,0,0,0.6,0,0.9,0.3,0,15.7,1.2,4.6,,75548.41511,248554.2857,,73,2,9666,2,0.5,,804.929841362368,160.985968272474,0,643.943873089895
63,3822,6,0,0,7.3,0.3,0,0,0,0.6,0,0,0.3,0.3,2.4,0,3.6,7.3,0.3,1.5,0,0,0.3,3.9,1.8,0,0,0,24.2,1.5,4.5,0,0,1.8,0.3,0.3,0,0,0,1.2,0.3,0,0.3,0,0,0,0,0,0,0,0,0.3,0.6,0,0,0.3,0,0.3,0,0.6,0,0,0,0.3,0.3,0,0,0,0,0,0,0,0,0,0,0,0,0.3,0,0,0,0,0.3,0.3,0,0,0.3,0,0,0,0,0,0,0.3,0,0.3,0,0.3,0,0,0,0,0,0.3,0,0.3,0,25.4,0,0.3,1.5,0,0,1.2,0,0,0.3,0,0,0.3,0,0.6,0,0,0,0,0,0,0,0,0.3,0,0,0,0,0,0.3,0,0,8.8,0,0,0,31.4,0,0,0,0,0.3,0,0,0,0,0.3,0.3,0,0.3,0,0,0,1.2,0,1.2,15.4,1.2,4.2,,57930.90909,191172,,88,2,9666,1,0.6,,887.603305785124,0,443.801652892562,443.801652892562
64,3847,6,0,0,8.5,0,0,0,0,0,0,0,0,0.3,1.5,0,2.6,7.9,0.9,0.6,0,0,0.3,2.9,0.9,0,0,0,17.2,0.9,4.4,0,0.9,2.3,0,0.9,0,0,0,1.5,0,0,0,0.3,0,0,0.3,0.3,0.3,0,0,0,0.6,0,0,0.3,0,0.3,0.3,0,0.9,0,0,0,0,0,0.3,0,0,0,0,0.3,0,0,0,0,0.9,0.6,0,0,0,0,0.6,0.3,0.9,0.3,0.3,0,0,0,0,0,0,0,0,0,0,0.3,0,0,0,0,0.3,0.3,0.3,0,0,30,0,0.3,0.9,0,0,1.7,0,0,0,0,0,0,0,3.5,0,0,0,0,0,0,0,0,0,0,0,0,0,0,0.3,0.3,0,14.6,0,0,0,30.3,0.3,0,0,0,0.6,0,0,0,0,0,0,0,0.9,0,1.2,0,0.6,0,0.9,16,0.9,5,,48884.03614,162295,,136,2,13911,4,0.6,,616.185329553508,0,308.092664776754,308.092664776754
65,3874,6,0,0,3,0.3,0,0,0,0,0,0,0,0,3.6,0,5.5,13.3,0.9,0.6,0,0,0,1.8,2.1,0.3,0,0,19.1,0.6,4.8,0.3,0.6,0.6,0,1.2,0,0,0,3,0.3,0.3,0.3,0,0,0,0,0,0,0,0,0,0,0,0.3,0.3,0,0.3,0,0.6,0,0,0,0,0.3,0,0,0,0,0,0.3,0,0,0,0,0,0,0.6,0,0,0,0,0,0.6,0,0,0,0.6,0,0,0,0,0,0,0,0.6,0,0,0,0,0,0,0,0,0,0,0,28.8,0,0,0.6,0,0.6,1.5,0,0,0,0,0,0.3,0,0.6,0,0,0,0,0,0,0,0,0.3,0,0,0,0,0,0,0,0,12.1,0,0,0,44.8,0,0,0,0.3,0.3,0,0,0,0,0,0,0,0.9,0,0,0,0.6,0,1.5,14.2,0.9,0.9,,28940.11976,96660,,82,2,9666,2,0.7,,806.693233741576,0,504.183271088485,302.509962653091
66,3898,6,0,0,0.3,0,0,0.6,0,0,0,0,0,0,4.8,0,6.7,22.6,3.5,0.6,0,0,0.3,0.3,1,0,0,0,18.5,0.3,1.9,0,0.3,0.6,0.6,0.3,0,0,0,1.9,0.3,0,0,0,0,0,0,0,0,0,0,0,0,0,0,0,0,0.6,0,0.6,0,0,0,0,0.3,0,0,0,0,0,0,0,0,0,0,0,0.3,1,0,0,0,0,0,0,0.3,0,0,0,0,0,0,0,0,0,0,0.3,0,0,0,0,0,0,0,0,0,0,0,29.3,0,0,0.6,0,0,0.6,0,0,0,0,0,0,0,0,0,0,0,0,0,0.3,0,0,0,0,0,0,0,0,0,0,0,9.9,0,0,0,39.5,0,0,0,0,0,0,0,0,0,0,0,0,0,0,0.3,0,2.5,0,0.6,7.3,0,0,,75668.27153,255758.7578,,226,2,9666,,0.7,,72.3075426955618,0,72.3075426955618,0
67,3924,7,0,0,0,0,0,0.3,0,0,0.3,0,0,0,2.1,0,3.1,5.8,3.1,0,0,0,0.3,1.2,2.8,0.3,0,0,28.5,0.9,9.2,0.6,0,0,0,0.3,0,0,0,0.9,0,0,0,0,0,0,0.6,0.3,0,0,0.3,0,0,0,0,0,0,0.6,0,0.3,0,0,0.3,0,0,0,0,0,0,0,0,0,0,0,0,0,0,0,0,0,0.3,0,0,0,0.3,0,0,0,0,0,0,0,0,0,0.3,0,0,0.3,0,0,0,0,0,0,0,0,0,34.7,0,0,0.3,0,0,1.2,0,0,0,0,0,0,0,0,0,0,0,0.3,0,0,0,0,0,0,0,0,0,0,0,0,0,5.2,0,0,0,27,0,0,0,0,0,0,0,0,0,0,0,0,0,0,0,0,1.5,0,0.9,3.1,1.2,0,,60404.06368,205977.8571,,150,2,9666,,0.8,,330.703812316716,0,141.730205278592,188.973607038123
68,3961,17,0,0,2.9,0,0,0,0,0,0,0,0,0,3.6,0,3.6,7.8,1.3,0.3,0,0.3,0.7,2.6,1.6,0.3,0,0,29,3.6,5.2,0,1.6,0.7,0.3,0.3,0,0,0,2,0.3,0,0.3,0,0,0,0,0,0,0,0,0,0,0,0,0,0,0,0,0,0,0,0.3,0,0,0,1,0,0,0,0,0,0,0,0,0,0,0,0,0,0,0,0,0,0,0,0,0,0,0,0,0,0,0,0,0,0,0,0,0,0,0,0,0,0,0,0,26.4,0,0,0.3,0.3,0,2,0,0,0,0,0,0.3,0,1,0,0,0,0,0,0,0,0,0,0,0,0,0,0,0,0,0,7.5,0,0,0,37.1,0,0,0,0,0.7,0,0,0,0,0,0,0,0.3,0,0.7,0,1,0,0.3,4.9,0,0,,91499.3311,315672.6923,,608,2,13911,3,0.6,,22.1062166285278,0,22.1062166285278,0
